[debug] [2026-09-07T20:30:38.119Z] ----------------------------------------------------------------------
[debug] [2026-09-07T20:30:38.122Z] Command:       /home/alves-thomaz/.nvm/versions/node/v24.20.0/bin/node /home/alves-thomaz/.nvm/versions/node/v24.20.0/bin/firebase deploy --only hosting
[debug] [2026-09-07T20:30:38.122Z] CLI Version:   15.28.2
[debug] [2026-09-07T20:30:38.122Z] Platform:      linux
[debug] [2026-09-07T20:30:38.122Z] Node Version:  v24.20.0
[debug] [2026-09-07T20:30:38.122Z] Detected Agent: github_copilot_vscode_agent
[debug] [2026-09-07T20:30:38.123Z] Time:          Mon Sep 07 2026 17:30:38 GMT-0300 (Horário Padrão de Brasília)
[debug] [2026-09-07T20:30:38.123Z] ----------------------------------------------------------------------
[debug] 
[debug] [2026-09-07T20:30:39.215Z] > command requires scopes: ["email","openid","https://www.googleapis.com/auth/cloudplatformprojects.readonly","https://www.googleapis.com/auth/firebase","https://www.googleapis.com/auth/cloud-platform"]
[debug] [2026-09-07T20:30:39.216Z] > authorizing via signed-in user (charlesthomazdr@gmail.com)
[debug] [2026-09-07T20:30:39.216Z] [iam] checking project formacaosetelagoaspolitica for permissions ["firebase.projects.get","firebasehosting.sites.update"]
[debug] [2026-09-07T20:30:39.234Z] Checked if tokens are valid: true, expires at: 1788816303278
[debug] [2026-09-07T20:30:39.234Z] Checked if tokens are valid: true, expires at: 1788816303278
[debug] [2026-09-07T20:30:39.236Z] >>> [apiv2][query] POST https://cloudresourcemanager.googleapis.com/v1/projects/formacaosetelagoaspolitica:testIamPermissions [none]
[debug] [2026-09-07T20:30:39.236Z] >>> [apiv2][(partial)header] POST https://cloudresourcemanager.googleapis.com/v1/projects/formacaosetelagoaspolitica:testIamPermissions  x-goog-user-project=formacaosetelagoaspolitica
[debug] [2026-09-07T20:30:39.236Z] >>> [apiv2][body] POST https://cloudresourcemanager.googleapis.com/v1/projects/formacaosetelagoaspolitica:testIamPermissions {"permissions":["firebase.projects.get","firebasehosting.sites.update"]}
[debug] [2026-09-07T20:30:40.192Z] <<< [apiv2][status] POST https://cloudresourcemanager.googleapis.com/v1/projects/formacaosetelagoaspolitica:testIamPermissions 200
[debug] [2026-09-07T20:30:40.192Z] <<< [apiv2][body] POST https://cloudresourcemanager.googleapis.com/v1/projects/formacaosetelagoaspolitica:testIamPermissions {"permissions":["firebase.projects.get","firebasehosting.sites.update"]}
[debug] [2026-09-07T20:30:40.193Z] Checked if tokens are valid: true, expires at: 1788816303278
[debug] [2026-09-07T20:30:40.193Z] Checked if tokens are valid: true, expires at: 1788816303278
[debug] [2026-09-07T20:30:40.193Z] >>> [apiv2][query] GET https://firebase.googleapis.com/v1beta1/projects/formacaosetelagoaspolitica [none]
[debug] [2026-09-07T20:30:40.653Z] <<< [apiv2][status] GET https://firebase.googleapis.com/v1beta1/projects/formacaosetelagoaspolitica 200
[debug] [2026-09-07T20:30:40.653Z] <<< [apiv2][body] GET https://firebase.googleapis.com/v1beta1/projects/formacaosetelagoaspolitica {"projectId":"formacaosetelagoaspolitica","projectNumber":"243158559387","displayName":"formacaosetelagoaspolitica","name":"projects/formacaosetelagoaspolitica","resources":{"hostingSite":"formacaosetelagoaspolitica","realtimeDatabaseInstance":"formacaosetelagoaspolitica-default-rtdb"},"state":"ACTIVE","labels":{"firebase":"enabled"},"etag":"1_4af8acb7-0750-42c3-a9e6-868b2fe924ec"}
[info] 
[info] === Deploying to 'formacaosetelagoaspolitica'...
[info] 
[info] i  deploying hosting 
[debug] [2026-09-07T20:30:40.656Z] Checked if tokens are valid: true, expires at: 1788816303278
[debug] [2026-09-07T20:30:40.656Z] Checked if tokens are valid: true, expires at: 1788816303278
[debug] [2026-09-07T20:30:40.656Z] >>> [apiv2][query] GET https://firebasehosting.googleapis.com/v1beta1/projects/formacaosetelagoaspolitica/sites/formacaosetelagoaspolitica [none]
[debug] [2026-09-07T20:30:41.932Z] <<< [apiv2][status] GET https://firebasehosting.googleapis.com/v1beta1/projects/formacaosetelagoaspolitica/sites/formacaosetelagoaspolitica 200
[debug] [2026-09-07T20:30:41.932Z] <<< [apiv2][body] GET https://firebasehosting.googleapis.com/v1beta1/projects/formacaosetelagoaspolitica/sites/formacaosetelagoaspolitica {"name":"projects/formacaosetelagoaspolitica/sites/formacaosetelagoaspolitica","defaultUrl":"https://formacaosetelagoaspolitica.web.app","type":"DEFAULT_SITE"}
[debug] [2026-09-07T20:30:41.933Z] Checked if tokens are valid: true, expires at: 1788816303278
[debug] [2026-09-07T20:30:41.933Z] Checked if tokens are valid: true, expires at: 1788816303278
[debug] [2026-09-07T20:30:41.933Z] >>> [apiv2][query] POST https://firebasehosting.googleapis.com/v1beta1/projects/-/sites/formacaosetelagoaspolitica/versions [none]
[debug] [2026-09-07T20:30:41.933Z] >>> [apiv2][body] POST https://firebasehosting.googleapis.com/v1beta1/projects/-/sites/formacaosetelagoaspolitica/versions {"status":"CREATED","labels":{"deployment-tool":"cli-firebase"}}
[debug] [2026-09-07T20:30:43.231Z] <<< [apiv2][status] POST https://firebasehosting.googleapis.com/v1beta1/projects/-/sites/formacaosetelagoaspolitica/versions 200
[debug] [2026-09-07T20:30:43.231Z] <<< [apiv2][body] POST https://firebasehosting.googleapis.com/v1beta1/projects/-/sites/formacaosetelagoaspolitica/versions {"name":"projects/243158559387/sites/formacaosetelagoaspolitica/versions/e31fb1071de8528e","status":"CREATED","config":{},"labels":{"deployment-tool":"cli-firebase"}}
[info] i  hosting[formacaosetelagoaspolitica]: beginning deploy... 
[info] i  hosting[formacaosetelagoaspolitica]: found 141 files in . 
[debug] [2026-09-07T20:30:43.271Z] [hosting] uploading with 200 concurrency
[debug] [2026-09-07T20:30:43.272Z] [hosting] hash cache [] not populated
[debug] [2026-09-07T20:30:45.067Z] Checked if tokens are valid: true, expires at: 1788816303278
[debug] [2026-09-07T20:30:45.068Z] Checked if tokens are valid: true, expires at: 1788816303278
[debug] [2026-09-07T20:30:45.070Z] [hosting] hash cache [] stored for 141 files
[debug] [2026-09-07T20:30:45.070Z] [hosting][hash queue][FINAL] {"max":1785,"min":11,"avg":67.12056737588652,"active":0,"complete":141,"success":141,"errored":0,"retried":0,"total":141,"elapsed":1797}
[debug] [2026-09-07T20:30:45.071Z] >>> [apiv2][query] POST https://firebasehosting.googleapis.com/v1beta1/projects/243158559387/sites/formacaosetelagoaspolitica/versions/e31fb1071de8528e:populateFiles [none]
[debug] [2026-09-07T20:30:45.071Z] >>> [apiv2][body] POST https://firebasehosting.googleapis.com/v1beta1/projects/243158559387/sites/formacaosetelagoaspolitica/versions/e31fb1071de8528e:populateFiles {"files":{"/courses/formacao-centro-esquerda/links.txt":"f61f27bd17de546264aa58f40f3aafaac7021e0ef69c17f6b1b4cd7664a037ec","/courses/formacao-centro-esquerda/pdf/socialismoCriativo3.pdf":"f61f27bd17de546264aa58f40f3aafaac7021e0ef69c17f6b1b4cd7664a037ec","/courses/formacao-centro-esquerda/pdf/socialismoCriativo2.pdf":"f61f27bd17de546264aa58f40f3aafaac7021e0ef69c17f6b1b4cd7664a037ec","/courses/formacao-centro-esquerda/pdf/apostila1.pdf":"f61f27bd17de546264aa58f40f3aafaac7021e0ef69c17f6b1b4cd7664a037ec","/courses/formacao-centro-esquerda/pdf/apostila-formacao-socialista-criativo.pdf":"f61f27bd17de546264aa58f40f3aafaac7021e0ef69c17f6b1b4cd7664a037ec","/courses/formacao-centro-esquerda/pdf/Pensadores do Social - Charles Thomaz dos Santos (ABNT).pdf":"f61f27bd17de546264aa58f40f3aafaac7021e0ef69c17f6b1b4cd7664a037ec","/courses/formacao-centro-esquerda/pdf/Manifesto_e_Programa_do_PSB.pdf":"f61f27bd17de546264aa58f40f3aafaac7021e0ef69c17f6b1b4cd7664a037ec","/courses/formacao-centro-esquerda/pdf/Criatividade-PSB-Digital.pdf":"f61f27bd17de546264aa58f40f3aafaac7021e0ef69c17f6b1b4cd7664a037ec","/courses/formacao-centro-esquerda/pdf/Cidades_Criativas.pdf":"f61f27bd17de546264aa58f40f3aafaac7021e0ef69c17f6b1b4cd7664a037ec","/styles.css":"28f11529965693904377ffb630efe9ffd47e8d0660ff66ffbe00315324eb335a","/perfil.js":"3a45bd1d3b1fd946092ca1c122de25ec3779bacd0400d332e9424ac418a42353","/modulo-5.html":"60534187bbae9e5f5837e3638274e1b36cb6f486f57844c7a75b7e2410decfc7","/modulo-6.html":"9a00c523150aa8c99762093e5c27aa91bb8875109e3b42344ca418034e407958","/modulo-2.html":"19029ce3ab4c8cfc34322f0b22d26045c6fa23e94520eda3a49bcd13969332f9","/perfil.html":"fd5b478a4ecc34164c02dffa6762b4719397a500fe841d63242e2e16ab218523","/modulo-3.html":"73a4870b86067ef7665faecc600ccf6f28e81e8a26aea47cf140a612ce065786","/index.html":"6670d1e4074275ae744a2a81e09c84c6a147149509414806ba48676d40fa880c","/modulo-1.html":"1260ff149c05525c3112ca8f870b182425d678ae52f3bcbb838daee07e65b822","/firebase.rules.json":"226910e2e214b2b34a1581f663266917bb7b22c76bf9016c2a4a2cbe2c6f4a7e","/firebase-config.js.example":"3023942a8717b97f0fbe5d2bc309b605085dd02e0f9d4b2e5ae2e954ce068fcc","/module.js":"c0c01c0c37d99d78c7e76d6bc0f8c80b24fe95e4ccfba0047c43a71dacd3c463","/gamification.js":"42cfce79fc6b5a3bb69add592ed651f401a69f426a89f09b849bf7f39a4ce63f","/favicon.svg":"29aff5146eca1ec73def2204a8fe4802b2fa4584d63becbddab0a531db3622e7","/curso.html":"9be615281aa5a23aa8861dde42ad62826e659bc1d86da3b78956af80536fe65f","/links.txt":"b55b87c7a4e83822e14380802eee916decb4d6ba500b14347b6200d8a5c0f425","/course.js":"9caf263a07318ba7838942f6b9ed6d9dd0114e6e2c7c422502804e11c9305597","/course-catalog.js":"df48036a96704dcea1bd9a1bcb3dc4ecf1e568d0ee7db20845ee7453493ea083","/certificado.html":"f2fab98bb43d4c113bf0c9699e8ad650705ec6d939b892bb3e4c4a7f5d87e4a2","/certificado.js":"d9bba07de6bb216b05a73f5621d4ec1eec07e6ed909c004b73a0626930a1fb36","/app.js":"518c9905c9ec67a04f8132296b8c100f20e5e2afb2f51c77980d55e7c77c104e","/firebase-config.js":"54ec68bd51ff1a440b4a7daf7ada93f4e85e4fabbdbe7d3615f94440d1e6a5da","/aceite.js":"3c4e4483dfa5812f91e8417ea67dcf56b17eeb40700d81d9f5980c63d205a877","/course-content.js":"cfffcf15cb9afb4f3fd2f6a3de446564158bdae6960b06a7887096c2e4f5b83c","/aceite.html":"4802dfcf8515b23ee0895fe50b8f85d7700c7fbf5520f5cd81930e2220a8a2cf","/auth.js":"093182b421739a258a74496838d680fd3a930ad266a9b638d19d10bce8cc85ec","/README.md":"9d4d2c7a9d3943a2cf77550b8b461b27fcab545e88427d9a468d03dc96a7eca7","/modulo-4.html":"5c494d325d8f3ec20423d62ef040675c6fc89726e273cefe0fdf719bf8094daf","/courses/README.md":"173a2145123f2e169bf400a49852f931acf2e022ca138608a70a8a71061501f2","/courses/formacao-centro-esquerda/course.json":"79f54555a1dd9a7e007fbb86ae988adbc458d1d7ccbcdd7e80694d28d7778ce7","/.git/index":"c14e10d37bc04a45ff8a5669e240eef7bd5971cdac1a0cc727bd845b78f563cb","/courses/formacao-centro-esquerda/course.js":"ed3eb32cc6113065f8c535c7c3a88a90dccdd0b41c5233099c22cc0d1fb0a085","/.git/description":"ebf7809b165f33d0c5879fe7647d39608e0b21e1e5ed37fd2252c7fdf5d2afdb","/.git/config":"357027b428dc4c0a2a25a972baccce5dd84d35d9d9af00e7d7f97cc342aedda9","/.git/ORIG_HEAD":"e103341dd3b62215f65bb668f6f745a542f480a52d88efb8a9410294270bf82e","/.git/HEAD":"58766951e606b2022f59cd9f29b2917abd798a925686f219a831c72d3b896199","/.git/FETCH_HEAD":"7a973c7241dc0467ca9c57fd5f3a56ce99e9beca76b29c92d3abd451617ac4ec","/.git/COMMIT_EDITMSG":"f5c9e52a89376ec6919f3e65580b824e7b4221386f9cfb889f0ff4a939e4eca5","/.git/refs/remotes/origin/main":"e103341dd3b62215f65bb668f6f745a542f480a52d88efb8a9410294270bf82e","/.git/refs/heads/main":"e103341dd3b62215f65bb668f6f745a542f480a52d88efb8a9410294270bf82e","/.git/objects/e6/9de29bb2d1d6434b8b29ae775ad8c2e48c5391":"7b472e45cb355adbbf2910efeabd8b9a27a26c322bb6df141b60ed6bcdd96036","/.git/objects/f1/a7c338d05cb46db9d3e8016f048a845d94b3de":"20e2d1a9dff342f74eb0da07cc9666cbd2a9fe87fc0b63a829a7a1ff8925c3e1","/.git/objects/f7/5eb7dca0ae80e3c0898c4714ff9d8a76508176":"267ec2f4eb8bc1c2daee65c0e97032f16a6d8affd5fbc3d4ce66ac290978cc4c","/.git/objects/e6/23015b13b3437e088b652912cde5b475c00979":"296fbcb5ba205079658497d0e2d1b0df1b733b6a856edb5c2a8291863f74679b","/.git/objects/e5/619a336319d28805b0efa581cc5feb651b4881":"0ad71f277a9f489591c00996dfb3261cabd6f8173a274acc3623c8e3fe6be6d7","/.git/objects/e5/3316fc184604fd19b5f4f2444283b28d9cb908":"ad5a830dd5cf964d59e4205eb677a0032f2ee566efcf8baf91c93d24a6db81b7","/.git/objects/e4/6989fccc0aeb0edfc498d66a2dd01c92f4535d":"681fbc22dbdfd6432a1e6c83a2413af1d8ed9f1dae9e4db9aa28cff4ff7743cf","/.git/objects/e3/0dce7976e671eaac4bda1768d2ec98dd68f1da":"f91e39cffb27a7aceaf8cc275cc45637e219d530d17ec57b23c52edfe9da7d53","/.git/objects/de/1b5724c44e5efe3e6f7ab213d0d429ed8d604e":"353ec08483b0aa9760a50b183b59e9849299f8090720336cc2ff7995774181e1","/.git/objects/e1/c4d1569ad1f0744dfbf1199b67088cb17db919":"6181970f7a398e90e344d056ad502b4b4e5b5678648e61704b78de042828bfb9","/.git/objects/db/33ab4424a9350471f93b4256c1b6f6834d3da7":"1b9d10ad58f465a27f23d0fda72a22744444f3759b6787f95f4741eaae8e31c8","/.git/objects/d8/26ac70dd06f50444b82ce346daea1a199dffb9":"2494370500d745c530076377f3630abb76c1b0e8079028307c6022c76182f7bf","/.git/objects/c5/2badc1b7a3a98f8653469f6383b08a6b906d5b":"a7bfe70ea9af3a0f695b23ffe28e260a0b64c9af04626e08428ee4c93ae5f7b4","/.git/objects/bd/0ef4bfa11eeb5e17ead99b49a4428d289519d5":"fa58ffe4a3a1cca3e46a9a337c57670e03cb40def373ca65561aa61968096d84","/.git/objects/ab/781bca0f7457b3a4ceb3652d15f0cf1d7c87db":"64eb8a73356230fd739dea4ac832ae2d36528f2a9ecfabb0f36eba67a71cadce","/.git/objects/c4/39eea777eaf5c85414d599aaeef109504f0afa":"1840c416bd352ec8218d8374fdf80fca4662b5c41f5f8186e6dda48ffa165f2d","/.git/objects/9f/7a22cd71f4cde98e4c6e1f2b39b59b3ddf278e":"ddaae9d82b7b7007e75c988152e5e3c25594ead853da077df7a9a138d92fe2df","/.git/objects/96/03cc202eecfa9579d702f8cc99744a8537bb3e":"61055de248a798949e51a174ea8f197c7cb9be9dfbd249a62fffad6cf0fa1bd9","/.git/objects/87/746307eaba7f22fca6f014f76c7610d679ea0e":"a52363518f2ff4de7b64063e52f7aea8264fc78e5855a328f7a02e89aaf33f46","/.git/objects/86/d552909af2cde9a0bf462760ec7b612230a087":"6e421c5d9d91f9485af068fe60f9cf00ae103d0dacf01ed813b7a9e6bfbb63a3","/.git/objects/84/98db60401e8cd82ace1d18a32db47545752f53":"0f9fd19059f2518b3a5493b8aeabf2a52ea70b3f7c58d8ae2a7c4b1d9b3861fa","/.git/objects/84/1f6d2a000e965eceda970a0493071ef0aa44bd":"809af8dbb3562da8a4e9b3e4b3778430ad2cb6b8e7777145feed4c2980fcaca8","/.git/objects/b7/ab543c84d86a3cdb26424ad608f7f3d9710895":"f00894478cc66729877583cdeee731cd80a8e70f4db029f5ad399c885de4c230","/.git/objects/7d/e8e2874803997d650d02709b02aed78ac0e83f":"115fca66c245f95dae2c0a115045e9a1584730d1d0377a266fc6692a4443c6ad","/.git/objects/7c/923a343ff2628c5e863b7860025661f9467684":"a0f94585d03418398e2181bc8c0b34cf517bcd5492abfd523d094091b5dc750e","/.git/objects/77/cf95be84edcf468c05121494d88dcac60da692":"3574b84e3e5fc0f594aa07419a970b696eb80d92f0a16f382611b2312e1cc807","/.git/objects/a1/aee91db5afa019849be32ba7e1c101ef1204e9":"f82404beae69b44889301f9d317a50eb02be0de1a46bdc9d5ca967f609aced3b","/.git/objects/76/d8d4e4de604bd1a50b45455ff6803f59caf37d":"da80fe81b55a98febbe807f5cf6e57f7859f55d5e5bbe47b43ea6fff4be1ad7e","/.git/objects/76/2743ccc1f7c45f2b6f43ae2bbaf60ea20179b0":"9ae5e8ff45988424f218efef8480110da5fe4838947dfe3046b5142a4404b5b0","/.git/objects/6e/7f2bdd67ddb2678d26e5ec4977448bfcfa0d88":"4e8e0baaca060c0aa2eab9d208919487a1766d9db9cf4c77522766633d0b6f7c","/.git/objects/6e/6a6bf3bc754bddc73643bbbf1d36dc054bbe1f":"b797987cb6696929ebf0a53220a750a6fc41f0ff064727cdd024bd7ec1861329","/.git/objects/6e/1ff25173dfc823063afdc2d1956e045a49d6ed":"80712a5d82f179b216a0fe2ba8772a65edc4d962e0c14dff315ff24cdbbdd83f","/pdf/socialismoCriativo3.pdf":"58d6bec745cc48433796fe00dd23ea2844578bd1cfa1bbf4e531c110f055ddfc","/pdf/apostila1.pdf":"068e94a07598f06fbb93c33e9da13791a99259b847cc4daed12473417fbc5a9d","/pdf/socialismoCriativo2.pdf":"068e94a07598f06fbb93c33e9da13791a99259b847cc4daed12473417fbc5a9d","/.git/objects/66/d47b6ca0ab77e6e851e9ff337c2940eefe72e5":"cd453a4b02c222827ee3c4a3f08dc4ab890f981ad033171ab86bec319afe0608","/.git/objects/3c/f5df061bd2309f04ab331cc63460a9c42cb583":"3c3bc786b827846421ab9b40b84b246e195a087088bafb69c41757e8e5f2b36d","/.git/objects/5e/59f12b90be9cd40b9a4a30d629074102f25eaa":"953612cf37404c4ad2f573e3103702a655030abedd0b1993f6f0630b7938bad1","/.git/objects/41/b6705d9a3a006d63eda5a9ffdcfc21fc7f40a8":"4d9450dae6f26fbfdf7c9287cb103d2623273806dd45a115422fd47464dcabc7","/pdf/apostila-formacao-socialista-criativo.pdf":"6910c96f69604ae85bd9d2aab0f204757bb38e55e9a29502f0bddf49e661ab96","/.git/objects/34/a3e2fd20fb6d1d7d180e2798fca373f00ff6d3":"bba3462eb282d85ea53b6d858356c99dabe5a8f60f40cd4335e1f20d18ee080b","/.git/objects/38/01e0d79367ab67db9ac1d8f3153ba4f7e81bce":"47515226197edea545d4d59004e28a97a508d3dc6cccd0cb4d17a761aaf60846","/.git/objects/32/00c99981b5a8fdb12708bc92c1ad74286a136a":"46cb926ced40f49b67b74384f68b336b45c771d86a0484e307cf23a5c679f38c","/.git/objects/2b/e81bfd87eaf3fc1cc865e6c0df992b6a65db1f":"c0b85e8337d18afedb09e73aa4080e2f2b779848f96fcd89b91bce62d92874f6","/.git/objects/2e/3e809af73df160b7d1e8485821171fd7ca6fff":"d92d7fd9466fe8c95915bacaaf8afef6c859d4c18c34bd2cca74a5a9d1fb0744","/.git/objects/2b/c6bb177c2ca2500a11b44c7ac3518b6771f251":"a1e9d8027a8db79061d87eb5bee8bb0098560c4825b5d38e7c722c910014084a","/.git/objects/2a/4ba9507640074bea8b9f4bf79c4526909ef7c4":"fd71748d1fa9f977990bf47a6ece9aaa4fff6a044ad877f3851e27279aaf3498","/.git/objects/29/7006dcbb848074b9955a126328b0155f081f2b":"514592f6552b200d213c92e21ffedfd3a73af6f0acffd8a288ec9a37e27c3d10","/.git/objects/28/e00c50565d65c3a63e9540569dd5a13f47419c":"950fac180004c2079a53ef15f39bd0026cb55e96a168d679dae74112b92cee5c","/.git/objects/25/7d30d9aa4e3f1d8693029a9ea029692c5833f4":"d378b02f79debfc05d120ee23f3cb8b285a94849be573cd1208ac1906d59dae9","/.git/objects/1e/bb7b7ee52432af202644df8da9108d89e2e360":"e9eea71a2ee63c907234fdb3ea294cdb08750837980983aa8eabaf7599a0f716","/.git/objects/19/124e8050e8d4454d912bce965d66a01b82cfe2":"07c4ce3a35e36d19b529be032a6cc2b6c903d097b1e19ded055243f9a3af26a3","/.git/objects/18/dfc8fef62666eb4fc982071f64510dc70c0eb7":"1f14a95c264605ce529e4beb63f66621e8940ccf9a0fb44a43ef2753f19a798c","/.git/objects/18/721fc91df564c0c44dd75684134e48a60e950f":"84d1570eafed5cd87682c9ad8195a7b8b422fdb1f4acf47df2a940a873cb519a","/.git/objects/17/68942009b54cbcade22d881037c39dae7d5e91":"e7d4ed7e7514626d601208f5189ac9b3095a022efea8e4b62ceb085a7e6588ed","/.git/objects/12/959a6ad073b35f7834dec03e1ef7bfda084223":"2db68e48da85700affbf43c9ed2e0bcd2a9efcb236adc1575772f1b53541c7f5","/.git/objects/10/e1621d1f17db8bd3ca8f1eb59450fb16707c60":"ca02c08ab1edf8ac6947797d15a1925e6fc997a5fceb790c5d47e85952093bc5","/.git/objects/10/a9c48cf929d98405b2e931cdf834265a5317f7":"60432183a350f561715e98ef80250e00588a87f130026fbe7f3537831d1a8c5a","/.git/objects/14/ee7fb5d6d7d02694361243aeb37b86c677f8f0":"bf455bc2530c070dc8ef736bbc6dfbd6440da1d474b6fedc6b0c23d3ea9798c5","/.git/objects/0e/1bf854df2bc4e9ec734b0d28b0bc359b3a0e15":"2b8f77d1a83c7128cc2872c2e4315f73006b4c2b7f8d2191c80a24e125f64706","/.git/objects/03/be02bcaa090950cefa3bb0878a1b86777043a5":"5a8dc05251da6d359a24d4236c11f9d1bff7f1574924557f4386e3390ff064f2","/.git/objects/00/c2fd8fa7a6177a2d6f9bf79c39082061da1e81":"319149a721bda232e16dcc42f8d80314371f6c7613dfa41851835d828050a2a0","/.git/objects/0d/aed99c3c9a78c14f09c93f393a24d3546b60d0":"3ae14033910807d9790c86415247afe48c4e88546cffe65c964e35739c0073ba","/.git/logs/HEAD":"d2772abfbfac1eeaa34799f0ad840dde66d30e4b4bf18d534e92a233a426c201","/.git/logs/refs/heads/main":"f1197a09b6c5a2c6cb4137cd2711b4b34ae85b56da2856bc3eba3cf1964d7a15","/.git/logs/refs/remotes/origin/main":"913a26cff3c5bce560a83635a9ef03a9b5c8642020c586d60b77fb68549208bb","/.git/info/exclude":"0841f354ce5bda6aba7c2848439e18201772479d26a26106ced5c443157da145","/.git/hooks/update.sample":"6a1957323dcdd534fe6b5d80cb8136e322f486641fe0f1ee310c78561e7dcb3c","/.git/hooks/sendemail-validate.sample":"219c165aaa8b627c63dfb5bf8e5485c743ef2418142871fbbf69747fe0d8a511","/.git/hooks/push-to-checkout.sample":"6d55a2563d9bd108dc78bbda1a3b23b04fd1014c88a4eaa40522c4cce4532e30","/.git/hooks/prepare-commit-msg.sample":"791253db1313bc3ef670178bc27178e5defd3cbca19229de28129786521f7a2d","/.git/objects/dc/948c325dd00075bcd0ac3222dc81dc4d52e072":"0b127ab26cde2254c2281aff583f6cb21cee75de8aa6b1d19a4e3456975152f7","/.git/hooks/pre-receive.sample":"a826e94192017b07149249a669e5f821f158c0067e324a0966f453e135d0300b","/.git/objects/c9/ce0223a061a93a2ea5f641bc931ca3bb9ef291":"6f70abe53b59838dfed2601c345f3621e050233d6e71c7442976cb98c4f9fdda","/.git/objects/96/89fa85b17bc99c0a39876b70658cf3f3791528":"bf8aef15d36cab04ae57098cfa6e8455ab37b5a9fc324f0477f5459f612e72a9","/.git/hooks/pre-push.sample":"c5fbac9dd53cd5457adba45b919f4d1783069f85fa80d7394c962e930c727442","/.git/hooks/pre-rebase.sample":"ea6bb9f5e46fb4e185c133cc78c22a277e4a835ac1076195840e7f19e5925866","/.git/hooks/pre-merge-commit.sample":"2d8bfc21d7dc6ebd20a2cd76adf64596fe55766cb3047eafd03ed1725549a7ef","/.git/hooks/pre-commit.sample":"4c83b5a10ad9f09695af4942f2dcf5bf82816d2de56c9c5fdd5cabb47b84b1d9","/.git/hooks/pre-applypatch.sample":"87392294ad26a15ad76e4935a080002fd19e36b679dc9b5a86bfadc3892b5ed2","/.git/hooks/post-update.sample":"870dc18f471d0cdcc4e7c4e075192743b284be5a15c37829131af70159f9f5cf","/.git/hooks/applypatch-msg.sample":"85aec6cb825ab54714baab1a14b0a971f3b47b2c8dbe82de9789b6a0d58fca64","/.git/hooks/fsmonitor-watchman.sample":"6f76d0d17964fee99d8a5c85833d62ddfe02e28fe22779acda1ccf6bd3494dc5","/.git/hooks/commit-msg.sample":"c2e6de548eee3869d069fddcc71627b25c6c2dfbb899c13460e2b64520dd4d5f","/pdf/Pensadores do Social - Charles Thomaz dos Santos (ABNT).pdf":"db1abbb00db6fa09d2b915b8b8ec911325c4c9500c743fd86f8a09bc65166905","/.git/objects/01/b6b2525aa93e967f77278e4196c5c1373ed43a":"f55346988ad046564704883ee4dbe09511428c88e024dc280e2942161a88d0b8","/.git/objects/23/c0295570a729312f04c175799fb5d554140763":"0804ac238954148d1c2f57a6e57366e834d887ccf233890ee9c9e9dd6eaed5eb","/pdf/Criatividade-PSB-Digital.pdf":"15a98f4dc86da2938bc2c38d9e5d51c2e96105f8887229694b00547b9cdcc6f5","/.git/objects/3c/652fc564365f0bf85045f41eafdd3d5900a0b6":"8f9e7958625301ea2c89f88c40249c24075bb47ae94a05ea5bb20967254fe9dd","/pdf/Manifesto_e_Programa_do_PSB.pdf":"5ef290b3ea0d4512f26ce6d19a57d5e637577d9c513a0112431e86487e83c8ba","/.git/objects/1b/091176af6c7013e81ecd4699f894b6043aa2c3":"3fc862ca2d1f69652038f161e3755e515fc65708789efce6956ac7e4aaa82c71","/pdf/Cidades_Criativas.pdf":"fc8449448b99c4dbdb28b0574ae2ba8aab0e327ec3cef230f48abb775a348ec5"}}
[info] i  hosting: adding files to version [0/141] (0%) 
[debug] [2026-09-07T20:30:45.713Z] <<< [apiv2][status] POST https://firebasehosting.googleapis.com/v1beta1/projects/243158559387/sites/formacaosetelagoaspolitica/versions/e31fb1071de8528e:populateFiles 200
[debug] [2026-09-07T20:30:45.713Z] <<< [apiv2][body] POST https://firebasehosting.googleapis.com/v1beta1/projects/243158559387/sites/formacaosetelagoaspolitica/versions/e31fb1071de8528e:populateFiles {"uploadRequiredHashes":["07c4ce3a35e36d19b529be032a6cc2b6c903d097b1e19ded055243f9a3af26a3","28f11529965693904377ffb630efe9ffd47e8d0660ff66ffbe00315324eb335a","6e421c5d9d91f9485af068fe60f9cf00ae103d0dacf01ed813b7a9e6bfbb63a3","1840c416bd352ec8218d8374fdf80fca4662b5c41f5f8186e6dda48ffa165f2d","db1abbb00db6fa09d2b915b8b8ec911325c4c9500c743fd86f8a09bc65166905","46cb926ced40f49b67b74384f68b336b45c771d86a0484e307cf23a5c679f38c","7a973c7241dc0467ca9c57fd5f3a56ce99e9beca76b29c92d3abd451617ac4ec","84d1570eafed5cd87682c9ad8195a7b8b422fdb1f4acf47df2a940a873cb519a","ed3eb32cc6113065f8c535c7c3a88a90dccdd0b41c5233099c22cc0d1fb0a085","fd71748d1fa9f977990bf47a6ece9aaa4fff6a044ad877f3851e27279aaf3498","bba3462eb282d85ea53b6d858356c99dabe5a8f60f40cd4335e1f20d18ee080b","d9bba07de6bb216b05a73f5621d4ec1eec07e6ed909c004b73a0626930a1fb36","1260ff149c05525c3112ca8f870b182425d678ae52f3bcbb838daee07e65b822","60432183a350f561715e98ef80250e00588a87f130026fbe7f3537831d1a8c5a","54ec68bd51ff1a440b4a7daf7ada93f4e85e4fabbdbe7d3615f94440d1e6a5da","e7d4ed7e7514626d601208f5189ac9b3095a022efea8e4b62ceb085a7e6588ed","1b9d10ad58f465a27f23d0fda72a22744444f3759b6787f95f4741eaae8e31c8","093182b421739a258a74496838d680fd3a930ad266a9b638d19d10bce8cc85ec","9a00c523150aa8c99762093e5c27aa91bb8875109e3b42344ca418034e407958","cfffcf15cb9afb4f3fd2f6a3de446564158bdae6960b06a7887096c2e4f5b83c","2494370500d745c530076377f3630abb76c1b0e8079028307c6022c76182f7bf","fd5b478a4ecc34164c02dffa6762b4719397a500fe841d63242e2e16ab218523","9caf263a07318ba7838942f6b9ed6d9dd0114e6e2c7c422502804e11c9305597","3c4e4483dfa5812f91e8417ea67dcf56b17eeb40700d81d9f5980c63d205a877","3a45bd1d3b1fd946092ca1c122de25ec3779bacd0400d332e9424ac418a42353","60534187bbae9e5f5837e3638274e1b36cb6f486f57844c7a75b7e2410decfc7","6a1957323dcdd534fe6b5d80cb8136e322f486641fe0f1ee310c78561e7dcb3c","b55b87c7a4e83822e14380802eee916decb4d6ba500b14347b6200d8a5c0f425","da80fe81b55a98febbe807f5cf6e57f7859f55d5e5bbe47b43ea6fff4be1ad7e","518c9905c9ec67a04f8132296b8c100f20e5e2afb2f51c77980d55e7c77c104e","6181970f7a398e90e344d056ad502b4b4e5b5678648e61704b78de042828bfb9","c5fbac9dd53cd5457adba45b919f4d1783069f85fa80d7394c962e930c727442","58766951e606b2022f59cd9f29b2917abd798a925686f219a831c72d3b896199","913a26cff3c5bce560a83635a9ef03a9b5c8642020c586d60b77fb68549208bb","7b472e45cb355adbbf2910efeabd8b9a27a26c322bb6df141b60ed6bcdd96036","f1197a09b6c5a2c6cb4137cd2711b4b34ae85b56da2856bc3eba3cf1964d7a15","9ae5e8ff45988424f218efef8480110da5fe4838947dfe3046b5142a4404b5b0","0ad71f277a9f489591c00996dfb3261cabd6f8173a274acc3623c8e3fe6be6d7","61055de248a798949e51a174ea8f197c7cb9be9dfbd249a62fffad6cf0fa1bd9","5a8dc05251da6d359a24d4236c11f9d1bff7f1574924557f4386e3390ff064f2","9d4d2c7a9d3943a2cf77550b8b461b27fcab545e88427d9a468d03dc96a7eca7","953612cf37404c4ad2f573e3103702a655030abedd0b1993f6f0630b7938bad1","ebf7809b165f33d0c5879fe7647d39608e0b21e1e5ed37fd2252c7fdf5d2afdb","ca02c08ab1edf8ac6947797d15a1925e6fc997a5fceb790c5d47e85952093bc5","a0f94585d03418398e2181bc8c0b34cf517bcd5492abfd523d094091b5dc750e","fc8449448b99c4dbdb28b0574ae2ba8aab0e327ec3cef230f48abb775a348ec5","e103341dd3b62215f65bb668f6f745a542f480a52d88efb8a9410294270bf82e","bf455bc2530c070dc8ef736bbc6dfbd6440da1d474b6fedc6b0c23d3ea9798c5","f82404beae69b44889301f9d317a50eb02be0de1a46bdc9d5ca967f609aced3b","6f70abe53b59838dfed2601c345f3621e050233d6e71c7442976cb98c4f9fdda","a826e94192017b07149249a669e5f821f158c0067e324a0966f453e135d0300b","f2fab98bb43d4c113bf0c9699e8ad650705ec6d939b892bb3e4c4a7f5d87e4a2","0b127ab26cde2254c2281aff583f6cb21cee75de8aa6b1d19a4e3456975152f7","a7bfe70ea9af3a0f695b23ffe28e260a0b64c9af04626e08428ee4c93ae5f7b4","87392294ad26a15ad76e4935a080002fd19e36b679dc9b5a86bfadc3892b5ed2","4802dfcf8515b23ee0895fe50b8f85d7700c7fbf5520f5cd81930e2220a8a2cf","47515226197edea545d4d59004e28a97a508d3dc6cccd0cb4d17a761aaf60846","fa58ffe4a3a1cca3e46a9a337c57670e03cb40def373ca65561aa61968096d84","2db68e48da85700affbf43c9ed2e0bcd2a9efcb236adc1575772f1b53541c7f5","f00894478cc66729877583cdeee731cd80a8e70f4db029f5ad399c885de4c230","9be615281aa5a23aa8861dde42ad62826e659bc1d86da3b78956af80536fe65f","b797987cb6696929ebf0a53220a750a6fc41f0ff064727cdd024bd7ec1861329","219c165aaa8b627c63dfb5bf8e5485c743ef2418142871fbbf69747fe0d8a511","0f9fd19059f2518b3a5493b8aeabf2a52ea70b3f7c58d8ae2a7c4b1d9b3861fa","85aec6cb825ab54714baab1a14b0a971f3b47b2c8dbe82de9789b6a0d58fca64","a1e9d8027a8db79061d87eb5bee8bb0098560c4825b5d38e7c722c910014084a","950fac180004c2079a53ef15f39bd0026cb55e96a168d679dae74112b92cee5c","5ef290b3ea0d4512f26ce6d19a57d5e637577d9c513a0112431e86487e83c8ba","353ec08483b0aa9760a50b183b59e9849299f8090720336cc2ff7995774181e1","6f76d0d17964fee99d8a5c85833d62ddfe02e28fe22779acda1ccf6bd3494dc5","115fca66c245f95dae2c0a115045e9a1584730d1d0377a266fc6692a4443c6ad","0841f354ce5bda6aba7c2848439e18201772479d26a26106ced5c443157da145","c0b85e8337d18afedb09e73aa4080e2f2b779848f96fcd89b91bce62d92874f6","e9eea71a2ee63c907234fdb3ea294cdb08750837980983aa8eabaf7599a0f716","3fc862ca2d1f69652038f161e3755e515fc65708789efce6956ac7e4aaa82c71","3ae14033910807d9790c86415247afe48c4e88546cffe65c964e35739c0073ba","6910c96f69604ae85bd9d2aab0f204757bb38e55e9a29502f0bddf49e661ab96","3c3bc786b827846421ab9b40b84b246e195a087088bafb69c41757e8e5f2b36d","267ec2f4eb8bc1c2daee65c0e97032f16a6d8affd5fbc3d4ce66ac290978cc4c","64eb8a73356230fd739dea4ac832ae2d36528f2a9ecfabb0f36eba67a71cadce","514592f6552b200d213c92e21ffedfd3a73af6f0acffd8a288ec9a37e27c3d10","6670d1e4074275ae744a2a81e09c84c6a147149509414806ba48676d40fa880c","681fbc22dbdfd6432a1e6c83a2413af1d8ed9f1dae9e4db9aa28cff4ff7743cf","cd453a4b02c222827ee3c4a3f08dc4ab890f981ad033171ab86bec319afe0608","4d9450dae6f26fbfdf7c9287cb103d2623273806dd45a115422fd47464dcabc7","c14e10d37bc04a45ff8a5669e240eef7bd5971cdac1a0cc727bd845b78f563cb","c0c01c0c37d99d78c7e76d6bc0f8c80b24fe95e4ccfba0047c43a71dacd3c463","29aff5146eca1ec73def2204a8fe4802b2fa4584d63becbddab0a531db3622e7","870dc18f471d0cdcc4e7c4e075192743b284be5a15c37829131af70159f9f5cf","226910e2e214b2b34a1581f663266917bb7b22c76bf9016c2a4a2cbe2c6f4a7e","068e94a07598f06fbb93c33e9da13791a99259b847cc4daed12473417fbc5a9d","19029ce3ab4c8cfc34322f0b22d26045c6fa23e94520eda3a49bcd13969332f9","2b8f77d1a83c7128cc2872c2e4315f73006b4c2b7f8d2191c80a24e125f64706","2d8bfc21d7dc6ebd20a2cd76adf64596fe55766cb3047eafd03ed1725549a7ef","8f9e7958625301ea2c89f88c40249c24075bb47ae94a05ea5bb20967254fe9dd","f91e39cffb27a7aceaf8cc275cc45637e219d530d17ec57b23c52edfe9da7d53","d2772abfbfac1eeaa34799f0ad840dde66d30e4b4bf18d534e92a233a426c201","20e2d1a9dff342f74eb0da07cc9666cbd2a9fe87fc0b63a829a7a1ff8925c3e1","173a2145123f2e169bf400a49852f931acf2e022ca138608a70a8a71061501f2","4c83b5a10ad9f09695af4942f2dcf5bf82816d2de56c9c5fdd5cabb47b84b1d9","0804ac238954148d1c2f57a6e57366e834d887ccf233890ee9c9e9dd6eaed5eb","a52363518f2ff4de7b64063e52f7aea8264fc78e5855a328f7a02e89aaf33f46","6d55a2563d9bd108dc78bbda1a3b23b04fd1014c88a4eaa40522c4cce4532e30","5c494d325d8f3ec20423d62ef040675c6fc89726e273cefe0fdf719bf8094daf","d378b02f79debfc05d120ee23f3cb8b285a94849be573cd1208ac1906d59dae9","15a98f4dc86da2938bc2c38d9e5d51c2e96105f8887229694b00547b9cdcc6f5","80712a5d82f179b216a0fe2ba8772a65edc4d962e0c14dff315ff24cdbbdd83f","1f14a95c264605ce529e4beb63f66621e8940ccf9a0fb44a43ef2753f19a798c","3023942a8717b97f0fbe5d2bc309b605085dd02e0f9d4b2e5ae2e954ce068fcc","3574b84e3e5fc0f594aa07419a970b696eb80d92f0a16f382611b2312e1cc807","f55346988ad046564704883ee4dbe09511428c88e024dc280e2942161a88d0b8","809af8dbb3562da8a4e9b3e4b3778430ad2cb6b8e7777145feed4c2980fcaca8","f5c9e52a89376ec6919f3e65580b824e7b4221386f9cfb889f0ff4a939e4eca5","c2e6de548eee3869d069fddcc71627b25c6c2dfbb899c13460e2b64520dd4d5f","4e8e0baaca060c0aa2eab9d208919487a1766d9db9cf4c77522766633d0b6f7c","ad5a830dd5cf964d59e4205eb677a0032f2ee566efcf8baf91c93d24a6db81b7","791253db1313bc3ef670178bc27178e5defd3cbca19229de28129786521f7a2d","bf8aef15d36cab04ae57098cfa6e8455ab37b5a9fc324f0477f5459f612e72a9","ea6bb9f5e46fb4e185c133cc78c22a277e4a835ac1076195840e7f19e5925866","f61f27bd17de546264aa58f40f3aafaac7021e0ef69c17f6b1b4cd7664a037ec","d92d7fd9466fe8c95915bacaaf8afef6c859d4c18c34bd2cca74a5a9d1fb0744","ddaae9d82b7b7007e75c988152e5e3c25594ead853da077df7a9a138d92fe2df","296fbcb5ba205079658497d0e2d1b0df1b733b6a856edb5c2a8291863f74679b","42cfce79fc6b5a3bb69add592ed651f401a69f426a89f09b849bf7f39a4ce63f","319149a721bda232e16dcc42f8d80314371f6c7613dfa41851835d828050a2a0","58d6bec745cc48433796fe00dd23ea2844578bd1cfa1bbf4e531c110f055ddfc","73a4870b86067ef7665faecc600ccf6f28e81e8a26aea47cf140a612ce065786","df48036a96704dcea1bd9a1bcb3dc4ecf1e568d0ee7db20845ee7453493ea083","357027b428dc4c0a2a25a972baccce5dd84d35d9d9af00e7d7f97cc342aedda9","79f54555a1dd9a7e007fbb86ae988adbc458d1d7ccbcdd7e80694d28d7778ce7"],"uploadUrl":"https://upload-firebasehosting.googleapis.com/upload/sites/formacaosetelagoaspolitica/versions/e31fb1071de8528e/files"}
[debug] [2026-09-07T20:30:45.714Z] Checked if tokens are valid: true, expires at: 1788816303278
[debug] [2026-09-07T20:30:45.714Z] Checked if tokens are valid: true, expires at: 1788816303278
[debug] [2026-09-07T20:30:45.714Z] Checked if tokens are valid: true, expires at: 1788816303278
[debug] [2026-09-07T20:30:45.714Z] Checked if tokens are valid: true, expires at: 1788816303278
[debug] [2026-09-07T20:30:45.714Z] Checked if tokens are valid: true, expires at: 1788816303278
[debug] [2026-09-07T20:30:45.715Z] Checked if tokens are valid: true, expires at: 1788816303278
[debug] [2026-09-07T20:30:45.715Z] Checked if tokens are valid: true, expires at: 1788816303278
[debug] [2026-09-07T20:30:45.715Z] Checked if tokens are valid: true, expires at: 1788816303278
[debug] [2026-09-07T20:30:45.715Z] Checked if tokens are valid: true, expires at: 1788816303278
[debug] [2026-09-07T20:30:45.715Z] Checked if tokens are valid: true, expires at: 1788816303278
[debug] [2026-09-07T20:30:45.715Z] Checked if tokens are valid: true, expires at: 1788816303278
[debug] [2026-09-07T20:30:45.715Z] Checked if tokens are valid: true, expires at: 1788816303278
[debug] [2026-09-07T20:30:45.715Z] Checked if tokens are valid: true, expires at: 1788816303278
[debug] [2026-09-07T20:30:45.715Z] Checked if tokens are valid: true, expires at: 1788816303278
[debug] [2026-09-07T20:30:45.716Z] Checked if tokens are valid: true, expires at: 1788816303278
[debug] [2026-09-07T20:30:45.716Z] Checked if tokens are valid: true, expires at: 1788816303278
[debug] [2026-09-07T20:30:45.716Z] Checked if tokens are valid: true, expires at: 1788816303278
[debug] [2026-09-07T20:30:45.716Z] Checked if tokens are valid: true, expires at: 1788816303278
[debug] [2026-09-07T20:30:45.716Z] Checked if tokens are valid: true, expires at: 1788816303278
[debug] [2026-09-07T20:30:45.716Z] Checked if tokens are valid: true, expires at: 1788816303278
[debug] [2026-09-07T20:30:45.716Z] Checked if tokens are valid: true, expires at: 1788816303278
[debug] [2026-09-07T20:30:45.716Z] Checked if tokens are valid: true, expires at: 1788816303278
[debug] [2026-09-07T20:30:45.717Z] Checked if tokens are valid: true, expires at: 1788816303278
[debug] [2026-09-07T20:30:45.717Z] Checked if tokens are valid: true, expires at: 1788816303278
[debug] [2026-09-07T20:30:45.717Z] Checked if tokens are valid: true, expires at: 1788816303278
[debug] [2026-09-07T20:30:45.717Z] Checked if tokens are valid: true, expires at: 1788816303278
[debug] [2026-09-07T20:30:45.717Z] Checked if tokens are valid: true, expires at: 1788816303278
[debug] [2026-09-07T20:30:45.717Z] Checked if tokens are valid: true, expires at: 1788816303278
[debug] [2026-09-07T20:30:45.717Z] Checked if tokens are valid: true, expires at: 1788816303278
[debug] [2026-09-07T20:30:45.717Z] Checked if tokens are valid: true, expires at: 1788816303278
[debug] [2026-09-07T20:30:45.718Z] Checked if tokens are valid: true, expires at: 1788816303278
[debug] [2026-09-07T20:30:45.718Z] Checked if tokens are valid: true, expires at: 1788816303278
[debug] [2026-09-07T20:30:45.718Z] Checked if tokens are valid: true, expires at: 1788816303278
[debug] [2026-09-07T20:30:45.718Z] Checked if tokens are valid: true, expires at: 1788816303278
[debug] [2026-09-07T20:30:45.718Z] Checked if tokens are valid: true, expires at: 1788816303278
[debug] [2026-09-07T20:30:45.718Z] Checked if tokens are valid: true, expires at: 1788816303278
[debug] [2026-09-07T20:30:45.718Z] Checked if tokens are valid: true, expires at: 1788816303278
[debug] [2026-09-07T20:30:45.718Z] Checked if tokens are valid: true, expires at: 1788816303278
[debug] [2026-09-07T20:30:45.718Z] Checked if tokens are valid: true, expires at: 1788816303278
[debug] [2026-09-07T20:30:45.719Z] Checked if tokens are valid: true, expires at: 1788816303278
[debug] [2026-09-07T20:30:45.719Z] Checked if tokens are valid: true, expires at: 1788816303278
[debug] [2026-09-07T20:30:45.719Z] Checked if tokens are valid: true, expires at: 1788816303278
[debug] [2026-09-07T20:30:45.719Z] Checked if tokens are valid: true, expires at: 1788816303278
[debug] [2026-09-07T20:30:45.719Z] Checked if tokens are valid: true, expires at: 1788816303278
[debug] [2026-09-07T20:30:45.719Z] Checked if tokens are valid: true, expires at: 1788816303278
[debug] [2026-09-07T20:30:45.719Z] Checked if tokens are valid: true, expires at: 1788816303278
[debug] [2026-09-07T20:30:45.720Z] Checked if tokens are valid: true, expires at: 1788816303278
[debug] [2026-09-07T20:30:45.720Z] Checked if tokens are valid: true, expires at: 1788816303278
[debug] [2026-09-07T20:30:45.720Z] Checked if tokens are valid: true, expires at: 1788816303278
[debug] [2026-09-07T20:30:45.720Z] Checked if tokens are valid: true, expires at: 1788816303278
[debug] [2026-09-07T20:30:45.720Z] Checked if tokens are valid: true, expires at: 1788816303278
[debug] [2026-09-07T20:30:45.720Z] Checked if tokens are valid: true, expires at: 1788816303278
[debug] [2026-09-07T20:30:45.721Z] Checked if tokens are valid: true, expires at: 1788816303278
[debug] [2026-09-07T20:30:45.721Z] Checked if tokens are valid: true, expires at: 1788816303278
[debug] [2026-09-07T20:30:45.721Z] Checked if tokens are valid: true, expires at: 1788816303278
[debug] [2026-09-07T20:30:45.721Z] Checked if tokens are valid: true, expires at: 1788816303278
[debug] [2026-09-07T20:30:45.721Z] Checked if tokens are valid: true, expires at: 1788816303278
[debug] [2026-09-07T20:30:45.721Z] Checked if tokens are valid: true, expires at: 1788816303278
[debug] [2026-09-07T20:30:45.722Z] Checked if tokens are valid: true, expires at: 1788816303278
[debug] [2026-09-07T20:30:45.722Z] Checked if tokens are valid: true, expires at: 1788816303278
[debug] [2026-09-07T20:30:45.722Z] Checked if tokens are valid: true, expires at: 1788816303278
[debug] [2026-09-07T20:30:45.722Z] Checked if tokens are valid: true, expires at: 1788816303278
[debug] [2026-09-07T20:30:45.722Z] Checked if tokens are valid: true, expires at: 1788816303278
[debug] [2026-09-07T20:30:45.722Z] Checked if tokens are valid: true, expires at: 1788816303278
[debug] [2026-09-07T20:30:45.722Z] Checked if tokens are valid: true, expires at: 1788816303278
[debug] [2026-09-07T20:30:45.722Z] Checked if tokens are valid: true, expires at: 1788816303278
[debug] [2026-09-07T20:30:45.723Z] Checked if tokens are valid: true, expires at: 1788816303278
[debug] [2026-09-07T20:30:45.723Z] Checked if tokens are valid: true, expires at: 1788816303278
[debug] [2026-09-07T20:30:45.723Z] Checked if tokens are valid: true, expires at: 1788816303278
[debug] [2026-09-07T20:30:45.723Z] Checked if tokens are valid: true, expires at: 1788816303278
[debug] [2026-09-07T20:30:45.723Z] Checked if tokens are valid: true, expires at: 1788816303278
[debug] [2026-09-07T20:30:45.723Z] Checked if tokens are valid: true, expires at: 1788816303278
[debug] [2026-09-07T20:30:45.724Z] Checked if tokens are valid: true, expires at: 1788816303278
[debug] [2026-09-07T20:30:45.724Z] Checked if tokens are valid: true, expires at: 1788816303278
[debug] [2026-09-07T20:30:45.724Z] Checked if tokens are valid: true, expires at: 1788816303278
[debug] [2026-09-07T20:30:45.724Z] Checked if tokens are valid: true, expires at: 1788816303278
[debug] [2026-09-07T20:30:45.724Z] Checked if tokens are valid: true, expires at: 1788816303278
[debug] [2026-09-07T20:30:45.724Z] Checked if tokens are valid: true, expires at: 1788816303278
[debug] [2026-09-07T20:30:45.725Z] Checked if tokens are valid: true, expires at: 1788816303278
[debug] [2026-09-07T20:30:45.725Z] Checked if tokens are valid: true, expires at: 1788816303278
[debug] [2026-09-07T20:30:45.725Z] Checked if tokens are valid: true, expires at: 1788816303278
[debug] [2026-09-07T20:30:45.725Z] Checked if tokens are valid: true, expires at: 1788816303278
[debug] [2026-09-07T20:30:45.725Z] Checked if tokens are valid: true, expires at: 1788816303278
[debug] [2026-09-07T20:30:45.725Z] Checked if tokens are valid: true, expires at: 1788816303278
[debug] [2026-09-07T20:30:45.725Z] Checked if tokens are valid: true, expires at: 1788816303278
[debug] [2026-09-07T20:30:45.725Z] Checked if tokens are valid: true, expires at: 1788816303278
[debug] [2026-09-07T20:30:45.726Z] Checked if tokens are valid: true, expires at: 1788816303278
[debug] [2026-09-07T20:30:45.726Z] Checked if tokens are valid: true, expires at: 1788816303278
[debug] [2026-09-07T20:30:45.726Z] Checked if tokens are valid: true, expires at: 1788816303278
[debug] [2026-09-07T20:30:45.726Z] Checked if tokens are valid: true, expires at: 1788816303278
[debug] [2026-09-07T20:30:45.726Z] Checked if tokens are valid: true, expires at: 1788816303278
[debug] [2026-09-07T20:30:45.726Z] Checked if tokens are valid: true, expires at: 1788816303278
[debug] [2026-09-07T20:30:45.726Z] Checked if tokens are valid: true, expires at: 1788816303278
[debug] [2026-09-07T20:30:45.726Z] Checked if tokens are valid: true, expires at: 1788816303278
[debug] [2026-09-07T20:30:45.726Z] Checked if tokens are valid: true, expires at: 1788816303278
[debug] [2026-09-07T20:30:45.726Z] Checked if tokens are valid: true, expires at: 1788816303278
[debug] [2026-09-07T20:30:45.727Z] Checked if tokens are valid: true, expires at: 1788816303278
[debug] [2026-09-07T20:30:45.727Z] Checked if tokens are valid: true, expires at: 1788816303278
[debug] [2026-09-07T20:30:45.727Z] Checked if tokens are valid: true, expires at: 1788816303278
[debug] [2026-09-07T20:30:45.727Z] Checked if tokens are valid: true, expires at: 1788816303278
[debug] [2026-09-07T20:30:45.727Z] Checked if tokens are valid: true, expires at: 1788816303278
[debug] [2026-09-07T20:30:45.727Z] Checked if tokens are valid: true, expires at: 1788816303278
[debug] [2026-09-07T20:30:45.727Z] Checked if tokens are valid: true, expires at: 1788816303278
[debug] [2026-09-07T20:30:45.727Z] Checked if tokens are valid: true, expires at: 1788816303278
[debug] [2026-09-07T20:30:45.727Z] Checked if tokens are valid: true, expires at: 1788816303278
[debug] [2026-09-07T20:30:45.727Z] Checked if tokens are valid: true, expires at: 1788816303278
[debug] [2026-09-07T20:30:45.728Z] Checked if tokens are valid: true, expires at: 1788816303278
[debug] [2026-09-07T20:30:45.728Z] Checked if tokens are valid: true, expires at: 1788816303278
[debug] [2026-09-07T20:30:45.728Z] Checked if tokens are valid: true, expires at: 1788816303278
[debug] [2026-09-07T20:30:45.728Z] Checked if tokens are valid: true, expires at: 1788816303278
[debug] [2026-09-07T20:30:45.728Z] Checked if tokens are valid: true, expires at: 1788816303278
[debug] [2026-09-07T20:30:45.728Z] Checked if tokens are valid: true, expires at: 1788816303278
[debug] [2026-09-07T20:30:45.728Z] Checked if tokens are valid: true, expires at: 1788816303278
[debug] [2026-09-07T20:30:45.728Z] Checked if tokens are valid: true, expires at: 1788816303278
[debug] [2026-09-07T20:30:45.728Z] Checked if tokens are valid: true, expires at: 1788816303278
[debug] [2026-09-07T20:30:45.728Z] Checked if tokens are valid: true, expires at: 1788816303278
[debug] [2026-09-07T20:30:45.728Z] Checked if tokens are valid: true, expires at: 1788816303278
[debug] [2026-09-07T20:30:45.728Z] Checked if tokens are valid: true, expires at: 1788816303278
[debug] [2026-09-07T20:30:45.729Z] Checked if tokens are valid: true, expires at: 1788816303278
[debug] [2026-09-07T20:30:45.729Z] Checked if tokens are valid: true, expires at: 1788816303278
[debug] [2026-09-07T20:30:45.729Z] Checked if tokens are valid: true, expires at: 1788816303278
[debug] [2026-09-07T20:30:45.729Z] Checked if tokens are valid: true, expires at: 1788816303278
[debug] [2026-09-07T20:30:45.729Z] Checked if tokens are valid: true, expires at: 1788816303278
[debug] [2026-09-07T20:30:45.729Z] Checked if tokens are valid: true, expires at: 1788816303278
[debug] [2026-09-07T20:30:45.729Z] Checked if tokens are valid: true, expires at: 1788816303278
[debug] [2026-09-07T20:30:45.729Z] Checked if tokens are valid: true, expires at: 1788816303278
[debug] [2026-09-07T20:30:45.729Z] Checked if tokens are valid: true, expires at: 1788816303278
[debug] [2026-09-07T20:30:45.729Z] Checked if tokens are valid: true, expires at: 1788816303278
[debug] [2026-09-07T20:30:45.730Z] Checked if tokens are valid: true, expires at: 1788816303278
[debug] [2026-09-07T20:30:45.730Z] Checked if tokens are valid: true, expires at: 1788816303278
[debug] [2026-09-07T20:30:45.730Z] Checked if tokens are valid: true, expires at: 1788816303278
[debug] [2026-09-07T20:30:45.730Z] Checked if tokens are valid: true, expires at: 1788816303278
[debug] [2026-09-07T20:30:45.730Z] Checked if tokens are valid: true, expires at: 1788816303278
[debug] [2026-09-07T20:30:45.730Z] Checked if tokens are valid: true, expires at: 1788816303278
[debug] [2026-09-07T20:30:45.730Z] Checked if tokens are valid: true, expires at: 1788816303278
[debug] [2026-09-07T20:30:45.730Z] Checked if tokens are valid: true, expires at: 1788816303278
[debug] [2026-09-07T20:30:45.730Z] Checked if tokens are valid: true, expires at: 1788816303278
[debug] [2026-09-07T20:30:45.730Z] Checked if tokens are valid: true, expires at: 1788816303278
[debug] [2026-09-07T20:30:45.731Z] Checked if tokens are valid: true, expires at: 1788816303278
[debug] [2026-09-07T20:30:45.731Z] Checked if tokens are valid: true, expires at: 1788816303278
[debug] [2026-09-07T20:30:45.731Z] Checked if tokens are valid: true, expires at: 1788816303278
[debug] [2026-09-07T20:30:45.731Z] Checked if tokens are valid: true, expires at: 1788816303278
[debug] [2026-09-07T20:30:45.731Z] Checked if tokens are valid: true, expires at: 1788816303278
[debug] [2026-09-07T20:30:45.731Z] Checked if tokens are valid: true, expires at: 1788816303278
[debug] [2026-09-07T20:30:45.731Z] Checked if tokens are valid: true, expires at: 1788816303278
[debug] [2026-09-07T20:30:45.731Z] Checked if tokens are valid: true, expires at: 1788816303278
[debug] [2026-09-07T20:30:45.731Z] Checked if tokens are valid: true, expires at: 1788816303278
[debug] [2026-09-07T20:30:45.731Z] Checked if tokens are valid: true, expires at: 1788816303278
[debug] [2026-09-07T20:30:45.731Z] Checked if tokens are valid: true, expires at: 1788816303278
[debug] [2026-09-07T20:30:45.731Z] Checked if tokens are valid: true, expires at: 1788816303278
[debug] [2026-09-07T20:30:45.732Z] Checked if tokens are valid: true, expires at: 1788816303278
[debug] [2026-09-07T20:30:45.732Z] Checked if tokens are valid: true, expires at: 1788816303278
[debug] [2026-09-07T20:30:45.732Z] Checked if tokens are valid: true, expires at: 1788816303278
[debug] [2026-09-07T20:30:45.732Z] Checked if tokens are valid: true, expires at: 1788816303278
[debug] [2026-09-07T20:30:45.732Z] Checked if tokens are valid: true, expires at: 1788816303278
[debug] [2026-09-07T20:30:45.732Z] Checked if tokens are valid: true, expires at: 1788816303278
[debug] [2026-09-07T20:30:45.732Z] Checked if tokens are valid: true, expires at: 1788816303278
[debug] [2026-09-07T20:30:45.732Z] Checked if tokens are valid: true, expires at: 1788816303278
[debug] [2026-09-07T20:30:45.732Z] Checked if tokens are valid: true, expires at: 1788816303278
[debug] [2026-09-07T20:30:45.732Z] Checked if tokens are valid: true, expires at: 1788816303278
[debug] [2026-09-07T20:30:45.732Z] Checked if tokens are valid: true, expires at: 1788816303278
[debug] [2026-09-07T20:30:45.733Z] Checked if tokens are valid: true, expires at: 1788816303278
[debug] [2026-09-07T20:30:45.733Z] Checked if tokens are valid: true, expires at: 1788816303278
[debug] [2026-09-07T20:30:45.733Z] Checked if tokens are valid: true, expires at: 1788816303278
[debug] [2026-09-07T20:30:45.733Z] Checked if tokens are valid: true, expires at: 1788816303278
[debug] [2026-09-07T20:30:45.733Z] Checked if tokens are valid: true, expires at: 1788816303278
[debug] [2026-09-07T20:30:45.733Z] Checked if tokens are valid: true, expires at: 1788816303278
[debug] [2026-09-07T20:30:45.733Z] Checked if tokens are valid: true, expires at: 1788816303278
[debug] [2026-09-07T20:30:45.733Z] Checked if tokens are valid: true, expires at: 1788816303278
[debug] [2026-09-07T20:30:45.733Z] Checked if tokens are valid: true, expires at: 1788816303278
[debug] [2026-09-07T20:30:45.733Z] Checked if tokens are valid: true, expires at: 1788816303278
[debug] [2026-09-07T20:30:45.733Z] Checked if tokens are valid: true, expires at: 1788816303278
[debug] [2026-09-07T20:30:45.733Z] Checked if tokens are valid: true, expires at: 1788816303278
[debug] [2026-09-07T20:30:45.734Z] Checked if tokens are valid: true, expires at: 1788816303278
[debug] [2026-09-07T20:30:45.734Z] Checked if tokens are valid: true, expires at: 1788816303278
[debug] [2026-09-07T20:30:45.734Z] Checked if tokens are valid: true, expires at: 1788816303278
[debug] [2026-09-07T20:30:45.734Z] Checked if tokens are valid: true, expires at: 1788816303278
[debug] [2026-09-07T20:30:45.734Z] Checked if tokens are valid: true, expires at: 1788816303278
[debug] [2026-09-07T20:30:45.734Z] Checked if tokens are valid: true, expires at: 1788816303278
[debug] [2026-09-07T20:30:45.734Z] Checked if tokens are valid: true, expires at: 1788816303278
[debug] [2026-09-07T20:30:45.734Z] Checked if tokens are valid: true, expires at: 1788816303278
[debug] [2026-09-07T20:30:45.734Z] Checked if tokens are valid: true, expires at: 1788816303278
[debug] [2026-09-07T20:30:45.734Z] Checked if tokens are valid: true, expires at: 1788816303278
[debug] [2026-09-07T20:30:45.734Z] Checked if tokens are valid: true, expires at: 1788816303278
[debug] [2026-09-07T20:30:45.735Z] Checked if tokens are valid: true, expires at: 1788816303278
[debug] [2026-09-07T20:30:45.735Z] Checked if tokens are valid: true, expires at: 1788816303278
[debug] [2026-09-07T20:30:45.735Z] Checked if tokens are valid: true, expires at: 1788816303278
[debug] [2026-09-07T20:30:45.735Z] Checked if tokens are valid: true, expires at: 1788816303278
[debug] [2026-09-07T20:30:45.735Z] Checked if tokens are valid: true, expires at: 1788816303278
[debug] [2026-09-07T20:30:45.735Z] Checked if tokens are valid: true, expires at: 1788816303278
[debug] [2026-09-07T20:30:45.735Z] Checked if tokens are valid: true, expires at: 1788816303278
[debug] [2026-09-07T20:30:45.735Z] Checked if tokens are valid: true, expires at: 1788816303278
[debug] [2026-09-07T20:30:45.735Z] Checked if tokens are valid: true, expires at: 1788816303278
[debug] [2026-09-07T20:30:45.735Z] Checked if tokens are valid: true, expires at: 1788816303278
[debug] [2026-09-07T20:30:45.736Z] Checked if tokens are valid: true, expires at: 1788816303278
[debug] [2026-09-07T20:30:45.736Z] Checked if tokens are valid: true, expires at: 1788816303278
[debug] [2026-09-07T20:30:45.736Z] Checked if tokens are valid: true, expires at: 1788816303278
[debug] [2026-09-07T20:30:45.736Z] Checked if tokens are valid: true, expires at: 1788816303278
[debug] [2026-09-07T20:30:45.736Z] Checked if tokens are valid: true, expires at: 1788816303278
[debug] [2026-09-07T20:30:45.736Z] Checked if tokens are valid: true, expires at: 1788816303278
[debug] [2026-09-07T20:30:45.736Z] Checked if tokens are valid: true, expires at: 1788816303278
[debug] [2026-09-07T20:30:45.736Z] Checked if tokens are valid: true, expires at: 1788816303278
[debug] [2026-09-07T20:30:45.736Z] Checked if tokens are valid: true, expires at: 1788816303278
[debug] [2026-09-07T20:30:45.736Z] Checked if tokens are valid: true, expires at: 1788816303278
[debug] [2026-09-07T20:30:45.737Z] Checked if tokens are valid: true, expires at: 1788816303278
[debug] [2026-09-07T20:30:45.737Z] Checked if tokens are valid: true, expires at: 1788816303278
[debug] [2026-09-07T20:30:45.737Z] Checked if tokens are valid: true, expires at: 1788816303278
[debug] [2026-09-07T20:30:45.737Z] Checked if tokens are valid: true, expires at: 1788816303278
[debug] [2026-09-07T20:30:45.737Z] Checked if tokens are valid: true, expires at: 1788816303278
[debug] [2026-09-07T20:30:45.738Z] Checked if tokens are valid: true, expires at: 1788816303278
[debug] [2026-09-07T20:30:45.738Z] Checked if tokens are valid: true, expires at: 1788816303278
[debug] [2026-09-07T20:30:45.738Z] Checked if tokens are valid: true, expires at: 1788816303278
[debug] [2026-09-07T20:30:45.738Z] Checked if tokens are valid: true, expires at: 1788816303278
[debug] [2026-09-07T20:30:45.738Z] Checked if tokens are valid: true, expires at: 1788816303278
[debug] [2026-09-07T20:30:45.738Z] Checked if tokens are valid: true, expires at: 1788816303278
[debug] [2026-09-07T20:30:45.738Z] Checked if tokens are valid: true, expires at: 1788816303278
[debug] [2026-09-07T20:30:45.739Z] Checked if tokens are valid: true, expires at: 1788816303278
[debug] [2026-09-07T20:30:45.739Z] Checked if tokens are valid: true, expires at: 1788816303278
[debug] [2026-09-07T20:30:45.739Z] Checked if tokens are valid: true, expires at: 1788816303278
[debug] [2026-09-07T20:30:45.739Z] Checked if tokens are valid: true, expires at: 1788816303278
[debug] [2026-09-07T20:30:45.740Z] Checked if tokens are valid: true, expires at: 1788816303278
[debug] [2026-09-07T20:30:45.740Z] Checked if tokens are valid: true, expires at: 1788816303278
[debug] [2026-09-07T20:30:45.740Z] Checked if tokens are valid: true, expires at: 1788816303278
[debug] [2026-09-07T20:30:45.740Z] Checked if tokens are valid: true, expires at: 1788816303278
[debug] [2026-09-07T20:30:45.740Z] Checked if tokens are valid: true, expires at: 1788816303278
[debug] [2026-09-07T20:30:45.740Z] Checked if tokens are valid: true, expires at: 1788816303278
[debug] [2026-09-07T20:30:45.740Z] Checked if tokens are valid: true, expires at: 1788816303278
[debug] [2026-09-07T20:30:45.740Z] Checked if tokens are valid: true, expires at: 1788816303278
[debug] [2026-09-07T20:30:45.740Z] Checked if tokens are valid: true, expires at: 1788816303278
[debug] [2026-09-07T20:30:45.741Z] Checked if tokens are valid: true, expires at: 1788816303278
[debug] [2026-09-07T20:30:45.741Z] Checked if tokens are valid: true, expires at: 1788816303278
[debug] [2026-09-07T20:30:45.741Z] Checked if tokens are valid: true, expires at: 1788816303278
[debug] [2026-09-07T20:30:45.741Z] Checked if tokens are valid: true, expires at: 1788816303278
[debug] [2026-09-07T20:30:45.741Z] Checked if tokens are valid: true, expires at: 1788816303278
[debug] [2026-09-07T20:30:45.741Z] Checked if tokens are valid: true, expires at: 1788816303278
[debug] [2026-09-07T20:30:45.741Z] Checked if tokens are valid: true, expires at: 1788816303278
[debug] [2026-09-07T20:30:45.741Z] Checked if tokens are valid: true, expires at: 1788816303278
[debug] [2026-09-07T20:30:45.742Z] Checked if tokens are valid: true, expires at: 1788816303278
[debug] [2026-09-07T20:30:45.742Z] Checked if tokens are valid: true, expires at: 1788816303278
[debug] [2026-09-07T20:30:45.742Z] Checked if tokens are valid: true, expires at: 1788816303278
[debug] [2026-09-07T20:30:45.742Z] Checked if tokens are valid: true, expires at: 1788816303278
[debug] [2026-09-07T20:30:45.742Z] Checked if tokens are valid: true, expires at: 1788816303278
[debug] [2026-09-07T20:30:45.742Z] Checked if tokens are valid: true, expires at: 1788816303278
[debug] [2026-09-07T20:30:45.742Z] Checked if tokens are valid: true, expires at: 1788816303278
[debug] [2026-09-07T20:30:45.742Z] Checked if tokens are valid: true, expires at: 1788816303278
[debug] [2026-09-07T20:30:45.742Z] Checked if tokens are valid: true, expires at: 1788816303278
[debug] [2026-09-07T20:30:45.742Z] Checked if tokens are valid: true, expires at: 1788816303278
[debug] [2026-09-07T20:30:45.742Z] Checked if tokens are valid: true, expires at: 1788816303278
[debug] [2026-09-07T20:30:45.742Z] Checked if tokens are valid: true, expires at: 1788816303278
[debug] [2026-09-07T20:30:45.743Z] Checked if tokens are valid: true, expires at: 1788816303278
[debug] [2026-09-07T20:30:45.743Z] Checked if tokens are valid: true, expires at: 1788816303278
[debug] [2026-09-07T20:30:45.743Z] Checked if tokens are valid: true, expires at: 1788816303278
[debug] [2026-09-07T20:30:45.743Z] Checked if tokens are valid: true, expires at: 1788816303278
[debug] [2026-09-07T20:30:45.743Z] Checked if tokens are valid: true, expires at: 1788816303278
[debug] [2026-09-07T20:30:45.743Z] Checked if tokens are valid: true, expires at: 1788816303278
[debug] [2026-09-07T20:30:45.743Z] Checked if tokens are valid: true, expires at: 1788816303278
[debug] [2026-09-07T20:30:45.743Z] Checked if tokens are valid: true, expires at: 1788816303278
[debug] [2026-09-07T20:30:45.743Z] Checked if tokens are valid: true, expires at: 1788816303278
[debug] [2026-09-07T20:30:45.743Z] Checked if tokens are valid: true, expires at: 1788816303278
[debug] [2026-09-07T20:30:45.743Z] Checked if tokens are valid: true, expires at: 1788816303278
[debug] [2026-09-07T20:30:45.744Z] >>> [apiv2][query] POST https://upload-firebasehosting.googleapis.com/upload/sites/formacaosetelagoaspolitica/versions/e31fb1071de8528e/files/07c4ce3a35e36d19b529be032a6cc2b6c903d097b1e19ded055243f9a3af26a3 [none]
[debug] [2026-09-07T20:30:45.744Z] >>> [apiv2][body] POST https://upload-firebasehosting.googleapis.com/upload/sites/formacaosetelagoaspolitica/versions/e31fb1071de8528e/files/07c4ce3a35e36d19b529be032a6cc2b6c903d097b1e19ded055243f9a3af26a3 [stream]
[debug] [2026-09-07T20:30:45.746Z] >>> [apiv2][query] POST https://upload-firebasehosting.googleapis.com/upload/sites/formacaosetelagoaspolitica/versions/e31fb1071de8528e/files/28f11529965693904377ffb630efe9ffd47e8d0660ff66ffbe00315324eb335a [none]
[debug] [2026-09-07T20:30:45.746Z] >>> [apiv2][body] POST https://upload-firebasehosting.googleapis.com/upload/sites/formacaosetelagoaspolitica/versions/e31fb1071de8528e/files/28f11529965693904377ffb630efe9ffd47e8d0660ff66ffbe00315324eb335a [stream]
[debug] [2026-09-07T20:30:45.747Z] >>> [apiv2][query] POST https://upload-firebasehosting.googleapis.com/upload/sites/formacaosetelagoaspolitica/versions/e31fb1071de8528e/files/6e421c5d9d91f9485af068fe60f9cf00ae103d0dacf01ed813b7a9e6bfbb63a3 [none]
[debug] [2026-09-07T20:30:45.747Z] >>> [apiv2][body] POST https://upload-firebasehosting.googleapis.com/upload/sites/formacaosetelagoaspolitica/versions/e31fb1071de8528e/files/6e421c5d9d91f9485af068fe60f9cf00ae103d0dacf01ed813b7a9e6bfbb63a3 [stream]
[debug] [2026-09-07T20:30:45.747Z] >>> [apiv2][query] POST https://upload-firebasehosting.googleapis.com/upload/sites/formacaosetelagoaspolitica/versions/e31fb1071de8528e/files/1840c416bd352ec8218d8374fdf80fca4662b5c41f5f8186e6dda48ffa165f2d [none]
[debug] [2026-09-07T20:30:45.747Z] >>> [apiv2][body] POST https://upload-firebasehosting.googleapis.com/upload/sites/formacaosetelagoaspolitica/versions/e31fb1071de8528e/files/1840c416bd352ec8218d8374fdf80fca4662b5c41f5f8186e6dda48ffa165f2d [stream]
[debug] [2026-09-07T20:30:45.748Z] >>> [apiv2][query] POST https://upload-firebasehosting.googleapis.com/upload/sites/formacaosetelagoaspolitica/versions/e31fb1071de8528e/files/db1abbb00db6fa09d2b915b8b8ec911325c4c9500c743fd86f8a09bc65166905 [none]
[debug] [2026-09-07T20:30:45.748Z] >>> [apiv2][body] POST https://upload-firebasehosting.googleapis.com/upload/sites/formacaosetelagoaspolitica/versions/e31fb1071de8528e/files/db1abbb00db6fa09d2b915b8b8ec911325c4c9500c743fd86f8a09bc65166905 [stream]
[debug] [2026-09-07T20:30:45.748Z] >>> [apiv2][query] POST https://upload-firebasehosting.googleapis.com/upload/sites/formacaosetelagoaspolitica/versions/e31fb1071de8528e/files/46cb926ced40f49b67b74384f68b336b45c771d86a0484e307cf23a5c679f38c [none]
[debug] [2026-09-07T20:30:45.748Z] >>> [apiv2][body] POST https://upload-firebasehosting.googleapis.com/upload/sites/formacaosetelagoaspolitica/versions/e31fb1071de8528e/files/46cb926ced40f49b67b74384f68b336b45c771d86a0484e307cf23a5c679f38c [stream]
[debug] [2026-09-07T20:30:45.749Z] >>> [apiv2][query] POST https://upload-firebasehosting.googleapis.com/upload/sites/formacaosetelagoaspolitica/versions/e31fb1071de8528e/files/7a973c7241dc0467ca9c57fd5f3a56ce99e9beca76b29c92d3abd451617ac4ec [none]
[debug] [2026-09-07T20:30:45.749Z] >>> [apiv2][body] POST https://upload-firebasehosting.googleapis.com/upload/sites/formacaosetelagoaspolitica/versions/e31fb1071de8528e/files/7a973c7241dc0467ca9c57fd5f3a56ce99e9beca76b29c92d3abd451617ac4ec [stream]
[debug] [2026-09-07T20:30:45.749Z] >>> [apiv2][query] POST https://upload-firebasehosting.googleapis.com/upload/sites/formacaosetelagoaspolitica/versions/e31fb1071de8528e/files/84d1570eafed5cd87682c9ad8195a7b8b422fdb1f4acf47df2a940a873cb519a [none]
[debug] [2026-09-07T20:30:45.749Z] >>> [apiv2][body] POST https://upload-firebasehosting.googleapis.com/upload/sites/formacaosetelagoaspolitica/versions/e31fb1071de8528e/files/84d1570eafed5cd87682c9ad8195a7b8b422fdb1f4acf47df2a940a873cb519a [stream]
[debug] [2026-09-07T20:30:45.750Z] >>> [apiv2][query] POST https://upload-firebasehosting.googleapis.com/upload/sites/formacaosetelagoaspolitica/versions/e31fb1071de8528e/files/ed3eb32cc6113065f8c535c7c3a88a90dccdd0b41c5233099c22cc0d1fb0a085 [none]
[debug] [2026-09-07T20:30:45.750Z] >>> [apiv2][body] POST https://upload-firebasehosting.googleapis.com/upload/sites/formacaosetelagoaspolitica/versions/e31fb1071de8528e/files/ed3eb32cc6113065f8c535c7c3a88a90dccdd0b41c5233099c22cc0d1fb0a085 [stream]
[debug] [2026-09-07T20:30:45.750Z] >>> [apiv2][query] POST https://upload-firebasehosting.googleapis.com/upload/sites/formacaosetelagoaspolitica/versions/e31fb1071de8528e/files/fd71748d1fa9f977990bf47a6ece9aaa4fff6a044ad877f3851e27279aaf3498 [none]
[debug] [2026-09-07T20:30:45.750Z] >>> [apiv2][body] POST https://upload-firebasehosting.googleapis.com/upload/sites/formacaosetelagoaspolitica/versions/e31fb1071de8528e/files/fd71748d1fa9f977990bf47a6ece9aaa4fff6a044ad877f3851e27279aaf3498 [stream]
[debug] [2026-09-07T20:30:45.751Z] >>> [apiv2][query] POST https://upload-firebasehosting.googleapis.com/upload/sites/formacaosetelagoaspolitica/versions/e31fb1071de8528e/files/bba3462eb282d85ea53b6d858356c99dabe5a8f60f40cd4335e1f20d18ee080b [none]
[debug] [2026-09-07T20:30:45.751Z] >>> [apiv2][body] POST https://upload-firebasehosting.googleapis.com/upload/sites/formacaosetelagoaspolitica/versions/e31fb1071de8528e/files/bba3462eb282d85ea53b6d858356c99dabe5a8f60f40cd4335e1f20d18ee080b [stream]
[debug] [2026-09-07T20:30:45.751Z] >>> [apiv2][query] POST https://upload-firebasehosting.googleapis.com/upload/sites/formacaosetelagoaspolitica/versions/e31fb1071de8528e/files/d9bba07de6bb216b05a73f5621d4ec1eec07e6ed909c004b73a0626930a1fb36 [none]
[debug] [2026-09-07T20:30:45.751Z] >>> [apiv2][body] POST https://upload-firebasehosting.googleapis.com/upload/sites/formacaosetelagoaspolitica/versions/e31fb1071de8528e/files/d9bba07de6bb216b05a73f5621d4ec1eec07e6ed909c004b73a0626930a1fb36 [stream]
[debug] [2026-09-07T20:30:45.751Z] >>> [apiv2][query] POST https://upload-firebasehosting.googleapis.com/upload/sites/formacaosetelagoaspolitica/versions/e31fb1071de8528e/files/1260ff149c05525c3112ca8f870b182425d678ae52f3bcbb838daee07e65b822 [none]
[debug] [2026-09-07T20:30:45.751Z] >>> [apiv2][body] POST https://upload-firebasehosting.googleapis.com/upload/sites/formacaosetelagoaspolitica/versions/e31fb1071de8528e/files/1260ff149c05525c3112ca8f870b182425d678ae52f3bcbb838daee07e65b822 [stream]
[debug] [2026-09-07T20:30:45.752Z] >>> [apiv2][query] POST https://upload-firebasehosting.googleapis.com/upload/sites/formacaosetelagoaspolitica/versions/e31fb1071de8528e/files/60432183a350f561715e98ef80250e00588a87f130026fbe7f3537831d1a8c5a [none]
[debug] [2026-09-07T20:30:45.752Z] >>> [apiv2][body] POST https://upload-firebasehosting.googleapis.com/upload/sites/formacaosetelagoaspolitica/versions/e31fb1071de8528e/files/60432183a350f561715e98ef80250e00588a87f130026fbe7f3537831d1a8c5a [stream]
[debug] [2026-09-07T20:30:45.752Z] >>> [apiv2][query] POST https://upload-firebasehosting.googleapis.com/upload/sites/formacaosetelagoaspolitica/versions/e31fb1071de8528e/files/54ec68bd51ff1a440b4a7daf7ada93f4e85e4fabbdbe7d3615f94440d1e6a5da [none]
[debug] [2026-09-07T20:30:45.752Z] >>> [apiv2][body] POST https://upload-firebasehosting.googleapis.com/upload/sites/formacaosetelagoaspolitica/versions/e31fb1071de8528e/files/54ec68bd51ff1a440b4a7daf7ada93f4e85e4fabbdbe7d3615f94440d1e6a5da [stream]
[debug] [2026-09-07T20:30:45.752Z] >>> [apiv2][query] POST https://upload-firebasehosting.googleapis.com/upload/sites/formacaosetelagoaspolitica/versions/e31fb1071de8528e/files/e7d4ed7e7514626d601208f5189ac9b3095a022efea8e4b62ceb085a7e6588ed [none]
[debug] [2026-09-07T20:30:45.752Z] >>> [apiv2][body] POST https://upload-firebasehosting.googleapis.com/upload/sites/formacaosetelagoaspolitica/versions/e31fb1071de8528e/files/e7d4ed7e7514626d601208f5189ac9b3095a022efea8e4b62ceb085a7e6588ed [stream]
[debug] [2026-09-07T20:30:45.753Z] >>> [apiv2][query] POST https://upload-firebasehosting.googleapis.com/upload/sites/formacaosetelagoaspolitica/versions/e31fb1071de8528e/files/1b9d10ad58f465a27f23d0fda72a22744444f3759b6787f95f4741eaae8e31c8 [none]
[debug] [2026-09-07T20:30:45.753Z] >>> [apiv2][body] POST https://upload-firebasehosting.googleapis.com/upload/sites/formacaosetelagoaspolitica/versions/e31fb1071de8528e/files/1b9d10ad58f465a27f23d0fda72a22744444f3759b6787f95f4741eaae8e31c8 [stream]
[debug] [2026-09-07T20:30:45.753Z] >>> [apiv2][query] POST https://upload-firebasehosting.googleapis.com/upload/sites/formacaosetelagoaspolitica/versions/e31fb1071de8528e/files/093182b421739a258a74496838d680fd3a930ad266a9b638d19d10bce8cc85ec [none]
[debug] [2026-09-07T20:30:45.753Z] >>> [apiv2][body] POST https://upload-firebasehosting.googleapis.com/upload/sites/formacaosetelagoaspolitica/versions/e31fb1071de8528e/files/093182b421739a258a74496838d680fd3a930ad266a9b638d19d10bce8cc85ec [stream]
[debug] [2026-09-07T20:30:45.753Z] >>> [apiv2][query] POST https://upload-firebasehosting.googleapis.com/upload/sites/formacaosetelagoaspolitica/versions/e31fb1071de8528e/files/9a00c523150aa8c99762093e5c27aa91bb8875109e3b42344ca418034e407958 [none]
[debug] [2026-09-07T20:30:45.753Z] >>> [apiv2][body] POST https://upload-firebasehosting.googleapis.com/upload/sites/formacaosetelagoaspolitica/versions/e31fb1071de8528e/files/9a00c523150aa8c99762093e5c27aa91bb8875109e3b42344ca418034e407958 [stream]
[debug] [2026-09-07T20:30:45.754Z] >>> [apiv2][query] POST https://upload-firebasehosting.googleapis.com/upload/sites/formacaosetelagoaspolitica/versions/e31fb1071de8528e/files/cfffcf15cb9afb4f3fd2f6a3de446564158bdae6960b06a7887096c2e4f5b83c [none]
[debug] [2026-09-07T20:30:45.754Z] >>> [apiv2][body] POST https://upload-firebasehosting.googleapis.com/upload/sites/formacaosetelagoaspolitica/versions/e31fb1071de8528e/files/cfffcf15cb9afb4f3fd2f6a3de446564158bdae6960b06a7887096c2e4f5b83c [stream]
[debug] [2026-09-07T20:30:45.755Z] >>> [apiv2][query] POST https://upload-firebasehosting.googleapis.com/upload/sites/formacaosetelagoaspolitica/versions/e31fb1071de8528e/files/2494370500d745c530076377f3630abb76c1b0e8079028307c6022c76182f7bf [none]
[debug] [2026-09-07T20:30:45.755Z] >>> [apiv2][body] POST https://upload-firebasehosting.googleapis.com/upload/sites/formacaosetelagoaspolitica/versions/e31fb1071de8528e/files/2494370500d745c530076377f3630abb76c1b0e8079028307c6022c76182f7bf [stream]
[debug] [2026-09-07T20:30:45.755Z] >>> [apiv2][query] POST https://upload-firebasehosting.googleapis.com/upload/sites/formacaosetelagoaspolitica/versions/e31fb1071de8528e/files/fd5b478a4ecc34164c02dffa6762b4719397a500fe841d63242e2e16ab218523 [none]
[debug] [2026-09-07T20:30:45.755Z] >>> [apiv2][body] POST https://upload-firebasehosting.googleapis.com/upload/sites/formacaosetelagoaspolitica/versions/e31fb1071de8528e/files/fd5b478a4ecc34164c02dffa6762b4719397a500fe841d63242e2e16ab218523 [stream]
[debug] [2026-09-07T20:30:45.756Z] >>> [apiv2][query] POST https://upload-firebasehosting.googleapis.com/upload/sites/formacaosetelagoaspolitica/versions/e31fb1071de8528e/files/9caf263a07318ba7838942f6b9ed6d9dd0114e6e2c7c422502804e11c9305597 [none]
[debug] [2026-09-07T20:30:45.756Z] >>> [apiv2][body] POST https://upload-firebasehosting.googleapis.com/upload/sites/formacaosetelagoaspolitica/versions/e31fb1071de8528e/files/9caf263a07318ba7838942f6b9ed6d9dd0114e6e2c7c422502804e11c9305597 [stream]
[debug] [2026-09-07T20:30:45.756Z] >>> [apiv2][query] POST https://upload-firebasehosting.googleapis.com/upload/sites/formacaosetelagoaspolitica/versions/e31fb1071de8528e/files/3c4e4483dfa5812f91e8417ea67dcf56b17eeb40700d81d9f5980c63d205a877 [none]
[debug] [2026-09-07T20:30:45.756Z] >>> [apiv2][body] POST https://upload-firebasehosting.googleapis.com/upload/sites/formacaosetelagoaspolitica/versions/e31fb1071de8528e/files/3c4e4483dfa5812f91e8417ea67dcf56b17eeb40700d81d9f5980c63d205a877 [stream]
[debug] [2026-09-07T20:30:45.757Z] >>> [apiv2][query] POST https://upload-firebasehosting.googleapis.com/upload/sites/formacaosetelagoaspolitica/versions/e31fb1071de8528e/files/3a45bd1d3b1fd946092ca1c122de25ec3779bacd0400d332e9424ac418a42353 [none]
[debug] [2026-09-07T20:30:45.757Z] >>> [apiv2][body] POST https://upload-firebasehosting.googleapis.com/upload/sites/formacaosetelagoaspolitica/versions/e31fb1071de8528e/files/3a45bd1d3b1fd946092ca1c122de25ec3779bacd0400d332e9424ac418a42353 [stream]
[debug] [2026-09-07T20:30:45.757Z] >>> [apiv2][query] POST https://upload-firebasehosting.googleapis.com/upload/sites/formacaosetelagoaspolitica/versions/e31fb1071de8528e/files/60534187bbae9e5f5837e3638274e1b36cb6f486f57844c7a75b7e2410decfc7 [none]
[debug] [2026-09-07T20:30:45.758Z] >>> [apiv2][body] POST https://upload-firebasehosting.googleapis.com/upload/sites/formacaosetelagoaspolitica/versions/e31fb1071de8528e/files/60534187bbae9e5f5837e3638274e1b36cb6f486f57844c7a75b7e2410decfc7 [stream]
[debug] [2026-09-07T20:30:45.758Z] >>> [apiv2][query] POST https://upload-firebasehosting.googleapis.com/upload/sites/formacaosetelagoaspolitica/versions/e31fb1071de8528e/files/6a1957323dcdd534fe6b5d80cb8136e322f486641fe0f1ee310c78561e7dcb3c [none]
[debug] [2026-09-07T20:30:45.758Z] >>> [apiv2][body] POST https://upload-firebasehosting.googleapis.com/upload/sites/formacaosetelagoaspolitica/versions/e31fb1071de8528e/files/6a1957323dcdd534fe6b5d80cb8136e322f486641fe0f1ee310c78561e7dcb3c [stream]
[debug] [2026-09-07T20:30:45.758Z] >>> [apiv2][query] POST https://upload-firebasehosting.googleapis.com/upload/sites/formacaosetelagoaspolitica/versions/e31fb1071de8528e/files/b55b87c7a4e83822e14380802eee916decb4d6ba500b14347b6200d8a5c0f425 [none]
[debug] [2026-09-07T20:30:45.758Z] >>> [apiv2][body] POST https://upload-firebasehosting.googleapis.com/upload/sites/formacaosetelagoaspolitica/versions/e31fb1071de8528e/files/b55b87c7a4e83822e14380802eee916decb4d6ba500b14347b6200d8a5c0f425 [stream]
[debug] [2026-09-07T20:30:45.759Z] >>> [apiv2][query] POST https://upload-firebasehosting.googleapis.com/upload/sites/formacaosetelagoaspolitica/versions/e31fb1071de8528e/files/da80fe81b55a98febbe807f5cf6e57f7859f55d5e5bbe47b43ea6fff4be1ad7e [none]
[debug] [2026-09-07T20:30:45.759Z] >>> [apiv2][body] POST https://upload-firebasehosting.googleapis.com/upload/sites/formacaosetelagoaspolitica/versions/e31fb1071de8528e/files/da80fe81b55a98febbe807f5cf6e57f7859f55d5e5bbe47b43ea6fff4be1ad7e [stream]
[debug] [2026-09-07T20:30:45.759Z] >>> [apiv2][query] POST https://upload-firebasehosting.googleapis.com/upload/sites/formacaosetelagoaspolitica/versions/e31fb1071de8528e/files/518c9905c9ec67a04f8132296b8c100f20e5e2afb2f51c77980d55e7c77c104e [none]
[debug] [2026-09-07T20:30:45.759Z] >>> [apiv2][body] POST https://upload-firebasehosting.googleapis.com/upload/sites/formacaosetelagoaspolitica/versions/e31fb1071de8528e/files/518c9905c9ec67a04f8132296b8c100f20e5e2afb2f51c77980d55e7c77c104e [stream]
[debug] [2026-09-07T20:30:45.759Z] >>> [apiv2][query] POST https://upload-firebasehosting.googleapis.com/upload/sites/formacaosetelagoaspolitica/versions/e31fb1071de8528e/files/6181970f7a398e90e344d056ad502b4b4e5b5678648e61704b78de042828bfb9 [none]
[debug] [2026-09-07T20:30:45.759Z] >>> [apiv2][body] POST https://upload-firebasehosting.googleapis.com/upload/sites/formacaosetelagoaspolitica/versions/e31fb1071de8528e/files/6181970f7a398e90e344d056ad502b4b4e5b5678648e61704b78de042828bfb9 [stream]
[debug] [2026-09-07T20:30:45.760Z] >>> [apiv2][query] POST https://upload-firebasehosting.googleapis.com/upload/sites/formacaosetelagoaspolitica/versions/e31fb1071de8528e/files/c5fbac9dd53cd5457adba45b919f4d1783069f85fa80d7394c962e930c727442 [none]
[debug] [2026-09-07T20:30:45.760Z] >>> [apiv2][body] POST https://upload-firebasehosting.googleapis.com/upload/sites/formacaosetelagoaspolitica/versions/e31fb1071de8528e/files/c5fbac9dd53cd5457adba45b919f4d1783069f85fa80d7394c962e930c727442 [stream]
[debug] [2026-09-07T20:30:45.760Z] >>> [apiv2][query] POST https://upload-firebasehosting.googleapis.com/upload/sites/formacaosetelagoaspolitica/versions/e31fb1071de8528e/files/58766951e606b2022f59cd9f29b2917abd798a925686f219a831c72d3b896199 [none]
[debug] [2026-09-07T20:30:45.760Z] >>> [apiv2][body] POST https://upload-firebasehosting.googleapis.com/upload/sites/formacaosetelagoaspolitica/versions/e31fb1071de8528e/files/58766951e606b2022f59cd9f29b2917abd798a925686f219a831c72d3b896199 [stream]
[debug] [2026-09-07T20:30:45.760Z] >>> [apiv2][query] POST https://upload-firebasehosting.googleapis.com/upload/sites/formacaosetelagoaspolitica/versions/e31fb1071de8528e/files/913a26cff3c5bce560a83635a9ef03a9b5c8642020c586d60b77fb68549208bb [none]
[debug] [2026-09-07T20:30:45.760Z] >>> [apiv2][body] POST https://upload-firebasehosting.googleapis.com/upload/sites/formacaosetelagoaspolitica/versions/e31fb1071de8528e/files/913a26cff3c5bce560a83635a9ef03a9b5c8642020c586d60b77fb68549208bb [stream]
[debug] [2026-09-07T20:30:45.760Z] >>> [apiv2][query] POST https://upload-firebasehosting.googleapis.com/upload/sites/formacaosetelagoaspolitica/versions/e31fb1071de8528e/files/7b472e45cb355adbbf2910efeabd8b9a27a26c322bb6df141b60ed6bcdd96036 [none]
[debug] [2026-09-07T20:30:45.761Z] >>> [apiv2][body] POST https://upload-firebasehosting.googleapis.com/upload/sites/formacaosetelagoaspolitica/versions/e31fb1071de8528e/files/7b472e45cb355adbbf2910efeabd8b9a27a26c322bb6df141b60ed6bcdd96036 [stream]
[debug] [2026-09-07T20:30:45.761Z] >>> [apiv2][query] POST https://upload-firebasehosting.googleapis.com/upload/sites/formacaosetelagoaspolitica/versions/e31fb1071de8528e/files/f1197a09b6c5a2c6cb4137cd2711b4b34ae85b56da2856bc3eba3cf1964d7a15 [none]
[debug] [2026-09-07T20:30:45.761Z] >>> [apiv2][body] POST https://upload-firebasehosting.googleapis.com/upload/sites/formacaosetelagoaspolitica/versions/e31fb1071de8528e/files/f1197a09b6c5a2c6cb4137cd2711b4b34ae85b56da2856bc3eba3cf1964d7a15 [stream]
[debug] [2026-09-07T20:30:45.761Z] >>> [apiv2][query] POST https://upload-firebasehosting.googleapis.com/upload/sites/formacaosetelagoaspolitica/versions/e31fb1071de8528e/files/9ae5e8ff45988424f218efef8480110da5fe4838947dfe3046b5142a4404b5b0 [none]
[debug] [2026-09-07T20:30:45.761Z] >>> [apiv2][body] POST https://upload-firebasehosting.googleapis.com/upload/sites/formacaosetelagoaspolitica/versions/e31fb1071de8528e/files/9ae5e8ff45988424f218efef8480110da5fe4838947dfe3046b5142a4404b5b0 [stream]
[debug] [2026-09-07T20:30:45.761Z] >>> [apiv2][query] POST https://upload-firebasehosting.googleapis.com/upload/sites/formacaosetelagoaspolitica/versions/e31fb1071de8528e/files/0ad71f277a9f489591c00996dfb3261cabd6f8173a274acc3623c8e3fe6be6d7 [none]
[debug] [2026-09-07T20:30:45.761Z] >>> [apiv2][body] POST https://upload-firebasehosting.googleapis.com/upload/sites/formacaosetelagoaspolitica/versions/e31fb1071de8528e/files/0ad71f277a9f489591c00996dfb3261cabd6f8173a274acc3623c8e3fe6be6d7 [stream]
[debug] [2026-09-07T20:30:45.762Z] >>> [apiv2][query] POST https://upload-firebasehosting.googleapis.com/upload/sites/formacaosetelagoaspolitica/versions/e31fb1071de8528e/files/61055de248a798949e51a174ea8f197c7cb9be9dfbd249a62fffad6cf0fa1bd9 [none]
[debug] [2026-09-07T20:30:45.762Z] >>> [apiv2][body] POST https://upload-firebasehosting.googleapis.com/upload/sites/formacaosetelagoaspolitica/versions/e31fb1071de8528e/files/61055de248a798949e51a174ea8f197c7cb9be9dfbd249a62fffad6cf0fa1bd9 [stream]
[debug] [2026-09-07T20:30:45.762Z] >>> [apiv2][query] POST https://upload-firebasehosting.googleapis.com/upload/sites/formacaosetelagoaspolitica/versions/e31fb1071de8528e/files/5a8dc05251da6d359a24d4236c11f9d1bff7f1574924557f4386e3390ff064f2 [none]
[debug] [2026-09-07T20:30:45.762Z] >>> [apiv2][body] POST https://upload-firebasehosting.googleapis.com/upload/sites/formacaosetelagoaspolitica/versions/e31fb1071de8528e/files/5a8dc05251da6d359a24d4236c11f9d1bff7f1574924557f4386e3390ff064f2 [stream]
[debug] [2026-09-07T20:30:45.762Z] >>> [apiv2][query] POST https://upload-firebasehosting.googleapis.com/upload/sites/formacaosetelagoaspolitica/versions/e31fb1071de8528e/files/9d4d2c7a9d3943a2cf77550b8b461b27fcab545e88427d9a468d03dc96a7eca7 [none]
[debug] [2026-09-07T20:30:45.762Z] >>> [apiv2][body] POST https://upload-firebasehosting.googleapis.com/upload/sites/formacaosetelagoaspolitica/versions/e31fb1071de8528e/files/9d4d2c7a9d3943a2cf77550b8b461b27fcab545e88427d9a468d03dc96a7eca7 [stream]
[debug] [2026-09-07T20:30:45.763Z] >>> [apiv2][query] POST https://upload-firebasehosting.googleapis.com/upload/sites/formacaosetelagoaspolitica/versions/e31fb1071de8528e/files/953612cf37404c4ad2f573e3103702a655030abedd0b1993f6f0630b7938bad1 [none]
[debug] [2026-09-07T20:30:45.763Z] >>> [apiv2][body] POST https://upload-firebasehosting.googleapis.com/upload/sites/formacaosetelagoaspolitica/versions/e31fb1071de8528e/files/953612cf37404c4ad2f573e3103702a655030abedd0b1993f6f0630b7938bad1 [stream]
[debug] [2026-09-07T20:30:45.763Z] >>> [apiv2][query] POST https://upload-firebasehosting.googleapis.com/upload/sites/formacaosetelagoaspolitica/versions/e31fb1071de8528e/files/ebf7809b165f33d0c5879fe7647d39608e0b21e1e5ed37fd2252c7fdf5d2afdb [none]
[debug] [2026-09-07T20:30:45.763Z] >>> [apiv2][body] POST https://upload-firebasehosting.googleapis.com/upload/sites/formacaosetelagoaspolitica/versions/e31fb1071de8528e/files/ebf7809b165f33d0c5879fe7647d39608e0b21e1e5ed37fd2252c7fdf5d2afdb [stream]
[debug] [2026-09-07T20:30:45.763Z] >>> [apiv2][query] POST https://upload-firebasehosting.googleapis.com/upload/sites/formacaosetelagoaspolitica/versions/e31fb1071de8528e/files/ca02c08ab1edf8ac6947797d15a1925e6fc997a5fceb790c5d47e85952093bc5 [none]
[debug] [2026-09-07T20:30:45.763Z] >>> [apiv2][body] POST https://upload-firebasehosting.googleapis.com/upload/sites/formacaosetelagoaspolitica/versions/e31fb1071de8528e/files/ca02c08ab1edf8ac6947797d15a1925e6fc997a5fceb790c5d47e85952093bc5 [stream]
[debug] [2026-09-07T20:30:45.763Z] >>> [apiv2][query] POST https://upload-firebasehosting.googleapis.com/upload/sites/formacaosetelagoaspolitica/versions/e31fb1071de8528e/files/a0f94585d03418398e2181bc8c0b34cf517bcd5492abfd523d094091b5dc750e [none]
[debug] [2026-09-07T20:30:45.764Z] >>> [apiv2][body] POST https://upload-firebasehosting.googleapis.com/upload/sites/formacaosetelagoaspolitica/versions/e31fb1071de8528e/files/a0f94585d03418398e2181bc8c0b34cf517bcd5492abfd523d094091b5dc750e [stream]
[debug] [2026-09-07T20:30:45.764Z] >>> [apiv2][query] POST https://upload-firebasehosting.googleapis.com/upload/sites/formacaosetelagoaspolitica/versions/e31fb1071de8528e/files/fc8449448b99c4dbdb28b0574ae2ba8aab0e327ec3cef230f48abb775a348ec5 [none]
[debug] [2026-09-07T20:30:45.764Z] >>> [apiv2][body] POST https://upload-firebasehosting.googleapis.com/upload/sites/formacaosetelagoaspolitica/versions/e31fb1071de8528e/files/fc8449448b99c4dbdb28b0574ae2ba8aab0e327ec3cef230f48abb775a348ec5 [stream]
[debug] [2026-09-07T20:30:45.764Z] >>> [apiv2][query] POST https://upload-firebasehosting.googleapis.com/upload/sites/formacaosetelagoaspolitica/versions/e31fb1071de8528e/files/e103341dd3b62215f65bb668f6f745a542f480a52d88efb8a9410294270bf82e [none]
[debug] [2026-09-07T20:30:45.764Z] >>> [apiv2][body] POST https://upload-firebasehosting.googleapis.com/upload/sites/formacaosetelagoaspolitica/versions/e31fb1071de8528e/files/e103341dd3b62215f65bb668f6f745a542f480a52d88efb8a9410294270bf82e [stream]
[debug] [2026-09-07T20:30:45.764Z] >>> [apiv2][query] POST https://upload-firebasehosting.googleapis.com/upload/sites/formacaosetelagoaspolitica/versions/e31fb1071de8528e/files/bf455bc2530c070dc8ef736bbc6dfbd6440da1d474b6fedc6b0c23d3ea9798c5 [none]
[debug] [2026-09-07T20:30:45.764Z] >>> [apiv2][body] POST https://upload-firebasehosting.googleapis.com/upload/sites/formacaosetelagoaspolitica/versions/e31fb1071de8528e/files/bf455bc2530c070dc8ef736bbc6dfbd6440da1d474b6fedc6b0c23d3ea9798c5 [stream]
[debug] [2026-09-07T20:30:45.765Z] >>> [apiv2][query] POST https://upload-firebasehosting.googleapis.com/upload/sites/formacaosetelagoaspolitica/versions/e31fb1071de8528e/files/f82404beae69b44889301f9d317a50eb02be0de1a46bdc9d5ca967f609aced3b [none]
[debug] [2026-09-07T20:30:45.765Z] >>> [apiv2][body] POST https://upload-firebasehosting.googleapis.com/upload/sites/formacaosetelagoaspolitica/versions/e31fb1071de8528e/files/f82404beae69b44889301f9d317a50eb02be0de1a46bdc9d5ca967f609aced3b [stream]
[debug] [2026-09-07T20:30:45.765Z] >>> [apiv2][query] POST https://upload-firebasehosting.googleapis.com/upload/sites/formacaosetelagoaspolitica/versions/e31fb1071de8528e/files/6f70abe53b59838dfed2601c345f3621e050233d6e71c7442976cb98c4f9fdda [none]
[debug] [2026-09-07T20:30:45.765Z] >>> [apiv2][body] POST https://upload-firebasehosting.googleapis.com/upload/sites/formacaosetelagoaspolitica/versions/e31fb1071de8528e/files/6f70abe53b59838dfed2601c345f3621e050233d6e71c7442976cb98c4f9fdda [stream]
[debug] [2026-09-07T20:30:45.765Z] >>> [apiv2][query] POST https://upload-firebasehosting.googleapis.com/upload/sites/formacaosetelagoaspolitica/versions/e31fb1071de8528e/files/a826e94192017b07149249a669e5f821f158c0067e324a0966f453e135d0300b [none]
[debug] [2026-09-07T20:30:45.765Z] >>> [apiv2][body] POST https://upload-firebasehosting.googleapis.com/upload/sites/formacaosetelagoaspolitica/versions/e31fb1071de8528e/files/a826e94192017b07149249a669e5f821f158c0067e324a0966f453e135d0300b [stream]
[debug] [2026-09-07T20:30:45.766Z] >>> [apiv2][query] POST https://upload-firebasehosting.googleapis.com/upload/sites/formacaosetelagoaspolitica/versions/e31fb1071de8528e/files/f2fab98bb43d4c113bf0c9699e8ad650705ec6d939b892bb3e4c4a7f5d87e4a2 [none]
[debug] [2026-09-07T20:30:45.766Z] >>> [apiv2][body] POST https://upload-firebasehosting.googleapis.com/upload/sites/formacaosetelagoaspolitica/versions/e31fb1071de8528e/files/f2fab98bb43d4c113bf0c9699e8ad650705ec6d939b892bb3e4c4a7f5d87e4a2 [stream]
[debug] [2026-09-07T20:30:45.766Z] >>> [apiv2][query] POST https://upload-firebasehosting.googleapis.com/upload/sites/formacaosetelagoaspolitica/versions/e31fb1071de8528e/files/0b127ab26cde2254c2281aff583f6cb21cee75de8aa6b1d19a4e3456975152f7 [none]
[debug] [2026-09-07T20:30:45.766Z] >>> [apiv2][body] POST https://upload-firebasehosting.googleapis.com/upload/sites/formacaosetelagoaspolitica/versions/e31fb1071de8528e/files/0b127ab26cde2254c2281aff583f6cb21cee75de8aa6b1d19a4e3456975152f7 [stream]
[debug] [2026-09-07T20:30:45.766Z] >>> [apiv2][query] POST https://upload-firebasehosting.googleapis.com/upload/sites/formacaosetelagoaspolitica/versions/e31fb1071de8528e/files/a7bfe70ea9af3a0f695b23ffe28e260a0b64c9af04626e08428ee4c93ae5f7b4 [none]
[debug] [2026-09-07T20:30:45.766Z] >>> [apiv2][body] POST https://upload-firebasehosting.googleapis.com/upload/sites/formacaosetelagoaspolitica/versions/e31fb1071de8528e/files/a7bfe70ea9af3a0f695b23ffe28e260a0b64c9af04626e08428ee4c93ae5f7b4 [stream]
[debug] [2026-09-07T20:30:45.767Z] >>> [apiv2][query] POST https://upload-firebasehosting.googleapis.com/upload/sites/formacaosetelagoaspolitica/versions/e31fb1071de8528e/files/87392294ad26a15ad76e4935a080002fd19e36b679dc9b5a86bfadc3892b5ed2 [none]
[debug] [2026-09-07T20:30:45.767Z] >>> [apiv2][body] POST https://upload-firebasehosting.googleapis.com/upload/sites/formacaosetelagoaspolitica/versions/e31fb1071de8528e/files/87392294ad26a15ad76e4935a080002fd19e36b679dc9b5a86bfadc3892b5ed2 [stream]
[debug] [2026-09-07T20:30:45.767Z] >>> [apiv2][query] POST https://upload-firebasehosting.googleapis.com/upload/sites/formacaosetelagoaspolitica/versions/e31fb1071de8528e/files/4802dfcf8515b23ee0895fe50b8f85d7700c7fbf5520f5cd81930e2220a8a2cf [none]
[debug] [2026-09-07T20:30:45.767Z] >>> [apiv2][body] POST https://upload-firebasehosting.googleapis.com/upload/sites/formacaosetelagoaspolitica/versions/e31fb1071de8528e/files/4802dfcf8515b23ee0895fe50b8f85d7700c7fbf5520f5cd81930e2220a8a2cf [stream]
[debug] [2026-09-07T20:30:45.767Z] >>> [apiv2][query] POST https://upload-firebasehosting.googleapis.com/upload/sites/formacaosetelagoaspolitica/versions/e31fb1071de8528e/files/47515226197edea545d4d59004e28a97a508d3dc6cccd0cb4d17a761aaf60846 [none]
[debug] [2026-09-07T20:30:45.767Z] >>> [apiv2][body] POST https://upload-firebasehosting.googleapis.com/upload/sites/formacaosetelagoaspolitica/versions/e31fb1071de8528e/files/47515226197edea545d4d59004e28a97a508d3dc6cccd0cb4d17a761aaf60846 [stream]
[debug] [2026-09-07T20:30:45.767Z] >>> [apiv2][query] POST https://upload-firebasehosting.googleapis.com/upload/sites/formacaosetelagoaspolitica/versions/e31fb1071de8528e/files/fa58ffe4a3a1cca3e46a9a337c57670e03cb40def373ca65561aa61968096d84 [none]
[debug] [2026-09-07T20:30:45.767Z] >>> [apiv2][body] POST https://upload-firebasehosting.googleapis.com/upload/sites/formacaosetelagoaspolitica/versions/e31fb1071de8528e/files/fa58ffe4a3a1cca3e46a9a337c57670e03cb40def373ca65561aa61968096d84 [stream]
[debug] [2026-09-07T20:30:45.768Z] >>> [apiv2][query] POST https://upload-firebasehosting.googleapis.com/upload/sites/formacaosetelagoaspolitica/versions/e31fb1071de8528e/files/2db68e48da85700affbf43c9ed2e0bcd2a9efcb236adc1575772f1b53541c7f5 [none]
[debug] [2026-09-07T20:30:45.768Z] >>> [apiv2][body] POST https://upload-firebasehosting.googleapis.com/upload/sites/formacaosetelagoaspolitica/versions/e31fb1071de8528e/files/2db68e48da85700affbf43c9ed2e0bcd2a9efcb236adc1575772f1b53541c7f5 [stream]
[debug] [2026-09-07T20:30:45.768Z] >>> [apiv2][query] POST https://upload-firebasehosting.googleapis.com/upload/sites/formacaosetelagoaspolitica/versions/e31fb1071de8528e/files/f00894478cc66729877583cdeee731cd80a8e70f4db029f5ad399c885de4c230 [none]
[debug] [2026-09-07T20:30:45.768Z] >>> [apiv2][body] POST https://upload-firebasehosting.googleapis.com/upload/sites/formacaosetelagoaspolitica/versions/e31fb1071de8528e/files/f00894478cc66729877583cdeee731cd80a8e70f4db029f5ad399c885de4c230 [stream]
[debug] [2026-09-07T20:30:45.768Z] >>> [apiv2][query] POST https://upload-firebasehosting.googleapis.com/upload/sites/formacaosetelagoaspolitica/versions/e31fb1071de8528e/files/9be615281aa5a23aa8861dde42ad62826e659bc1d86da3b78956af80536fe65f [none]
[debug] [2026-09-07T20:30:45.768Z] >>> [apiv2][body] POST https://upload-firebasehosting.googleapis.com/upload/sites/formacaosetelagoaspolitica/versions/e31fb1071de8528e/files/9be615281aa5a23aa8861dde42ad62826e659bc1d86da3b78956af80536fe65f [stream]
[debug] [2026-09-07T20:30:45.769Z] >>> [apiv2][query] POST https://upload-firebasehosting.googleapis.com/upload/sites/formacaosetelagoaspolitica/versions/e31fb1071de8528e/files/b797987cb6696929ebf0a53220a750a6fc41f0ff064727cdd024bd7ec1861329 [none]
[debug] [2026-09-07T20:30:45.769Z] >>> [apiv2][body] POST https://upload-firebasehosting.googleapis.com/upload/sites/formacaosetelagoaspolitica/versions/e31fb1071de8528e/files/b797987cb6696929ebf0a53220a750a6fc41f0ff064727cdd024bd7ec1861329 [stream]
[debug] [2026-09-07T20:30:45.769Z] >>> [apiv2][query] POST https://upload-firebasehosting.googleapis.com/upload/sites/formacaosetelagoaspolitica/versions/e31fb1071de8528e/files/219c165aaa8b627c63dfb5bf8e5485c743ef2418142871fbbf69747fe0d8a511 [none]
[debug] [2026-09-07T20:30:45.769Z] >>> [apiv2][body] POST https://upload-firebasehosting.googleapis.com/upload/sites/formacaosetelagoaspolitica/versions/e31fb1071de8528e/files/219c165aaa8b627c63dfb5bf8e5485c743ef2418142871fbbf69747fe0d8a511 [stream]
[debug] [2026-09-07T20:30:45.770Z] >>> [apiv2][query] POST https://upload-firebasehosting.googleapis.com/upload/sites/formacaosetelagoaspolitica/versions/e31fb1071de8528e/files/0f9fd19059f2518b3a5493b8aeabf2a52ea70b3f7c58d8ae2a7c4b1d9b3861fa [none]
[debug] [2026-09-07T20:30:45.770Z] >>> [apiv2][body] POST https://upload-firebasehosting.googleapis.com/upload/sites/formacaosetelagoaspolitica/versions/e31fb1071de8528e/files/0f9fd19059f2518b3a5493b8aeabf2a52ea70b3f7c58d8ae2a7c4b1d9b3861fa [stream]
[debug] [2026-09-07T20:30:45.770Z] >>> [apiv2][query] POST https://upload-firebasehosting.googleapis.com/upload/sites/formacaosetelagoaspolitica/versions/e31fb1071de8528e/files/85aec6cb825ab54714baab1a14b0a971f3b47b2c8dbe82de9789b6a0d58fca64 [none]
[debug] [2026-09-07T20:30:45.770Z] >>> [apiv2][body] POST https://upload-firebasehosting.googleapis.com/upload/sites/formacaosetelagoaspolitica/versions/e31fb1071de8528e/files/85aec6cb825ab54714baab1a14b0a971f3b47b2c8dbe82de9789b6a0d58fca64 [stream]
[debug] [2026-09-07T20:30:45.770Z] >>> [apiv2][query] POST https://upload-firebasehosting.googleapis.com/upload/sites/formacaosetelagoaspolitica/versions/e31fb1071de8528e/files/a1e9d8027a8db79061d87eb5bee8bb0098560c4825b5d38e7c722c910014084a [none]
[debug] [2026-09-07T20:30:45.770Z] >>> [apiv2][body] POST https://upload-firebasehosting.googleapis.com/upload/sites/formacaosetelagoaspolitica/versions/e31fb1071de8528e/files/a1e9d8027a8db79061d87eb5bee8bb0098560c4825b5d38e7c722c910014084a [stream]
[debug] [2026-09-07T20:30:45.771Z] >>> [apiv2][query] POST https://upload-firebasehosting.googleapis.com/upload/sites/formacaosetelagoaspolitica/versions/e31fb1071de8528e/files/950fac180004c2079a53ef15f39bd0026cb55e96a168d679dae74112b92cee5c [none]
[debug] [2026-09-07T20:30:45.771Z] >>> [apiv2][body] POST https://upload-firebasehosting.googleapis.com/upload/sites/formacaosetelagoaspolitica/versions/e31fb1071de8528e/files/950fac180004c2079a53ef15f39bd0026cb55e96a168d679dae74112b92cee5c [stream]
[debug] [2026-09-07T20:30:45.771Z] >>> [apiv2][query] POST https://upload-firebasehosting.googleapis.com/upload/sites/formacaosetelagoaspolitica/versions/e31fb1071de8528e/files/5ef290b3ea0d4512f26ce6d19a57d5e637577d9c513a0112431e86487e83c8ba [none]
[debug] [2026-09-07T20:30:45.771Z] >>> [apiv2][body] POST https://upload-firebasehosting.googleapis.com/upload/sites/formacaosetelagoaspolitica/versions/e31fb1071de8528e/files/5ef290b3ea0d4512f26ce6d19a57d5e637577d9c513a0112431e86487e83c8ba [stream]
[debug] [2026-09-07T20:30:45.771Z] >>> [apiv2][query] POST https://upload-firebasehosting.googleapis.com/upload/sites/formacaosetelagoaspolitica/versions/e31fb1071de8528e/files/353ec08483b0aa9760a50b183b59e9849299f8090720336cc2ff7995774181e1 [none]
[debug] [2026-09-07T20:30:45.772Z] >>> [apiv2][body] POST https://upload-firebasehosting.googleapis.com/upload/sites/formacaosetelagoaspolitica/versions/e31fb1071de8528e/files/353ec08483b0aa9760a50b183b59e9849299f8090720336cc2ff7995774181e1 [stream]
[debug] [2026-09-07T20:30:45.772Z] >>> [apiv2][query] POST https://upload-firebasehosting.googleapis.com/upload/sites/formacaosetelagoaspolitica/versions/e31fb1071de8528e/files/6f76d0d17964fee99d8a5c85833d62ddfe02e28fe22779acda1ccf6bd3494dc5 [none]
[debug] [2026-09-07T20:30:45.772Z] >>> [apiv2][body] POST https://upload-firebasehosting.googleapis.com/upload/sites/formacaosetelagoaspolitica/versions/e31fb1071de8528e/files/6f76d0d17964fee99d8a5c85833d62ddfe02e28fe22779acda1ccf6bd3494dc5 [stream]
[debug] [2026-09-07T20:30:45.772Z] >>> [apiv2][query] POST https://upload-firebasehosting.googleapis.com/upload/sites/formacaosetelagoaspolitica/versions/e31fb1071de8528e/files/115fca66c245f95dae2c0a115045e9a1584730d1d0377a266fc6692a4443c6ad [none]
[debug] [2026-09-07T20:30:45.772Z] >>> [apiv2][body] POST https://upload-firebasehosting.googleapis.com/upload/sites/formacaosetelagoaspolitica/versions/e31fb1071de8528e/files/115fca66c245f95dae2c0a115045e9a1584730d1d0377a266fc6692a4443c6ad [stream]
[debug] [2026-09-07T20:30:45.772Z] >>> [apiv2][query] POST https://upload-firebasehosting.googleapis.com/upload/sites/formacaosetelagoaspolitica/versions/e31fb1071de8528e/files/0841f354ce5bda6aba7c2848439e18201772479d26a26106ced5c443157da145 [none]
[debug] [2026-09-07T20:30:45.772Z] >>> [apiv2][body] POST https://upload-firebasehosting.googleapis.com/upload/sites/formacaosetelagoaspolitica/versions/e31fb1071de8528e/files/0841f354ce5bda6aba7c2848439e18201772479d26a26106ced5c443157da145 [stream]
[debug] [2026-09-07T20:30:45.773Z] >>> [apiv2][query] POST https://upload-firebasehosting.googleapis.com/upload/sites/formacaosetelagoaspolitica/versions/e31fb1071de8528e/files/c0b85e8337d18afedb09e73aa4080e2f2b779848f96fcd89b91bce62d92874f6 [none]
[debug] [2026-09-07T20:30:45.773Z] >>> [apiv2][body] POST https://upload-firebasehosting.googleapis.com/upload/sites/formacaosetelagoaspolitica/versions/e31fb1071de8528e/files/c0b85e8337d18afedb09e73aa4080e2f2b779848f96fcd89b91bce62d92874f6 [stream]
[debug] [2026-09-07T20:30:45.773Z] >>> [apiv2][query] POST https://upload-firebasehosting.googleapis.com/upload/sites/formacaosetelagoaspolitica/versions/e31fb1071de8528e/files/e9eea71a2ee63c907234fdb3ea294cdb08750837980983aa8eabaf7599a0f716 [none]
[debug] [2026-09-07T20:30:45.773Z] >>> [apiv2][body] POST https://upload-firebasehosting.googleapis.com/upload/sites/formacaosetelagoaspolitica/versions/e31fb1071de8528e/files/e9eea71a2ee63c907234fdb3ea294cdb08750837980983aa8eabaf7599a0f716 [stream]
[debug] [2026-09-07T20:30:45.773Z] >>> [apiv2][query] POST https://upload-firebasehosting.googleapis.com/upload/sites/formacaosetelagoaspolitica/versions/e31fb1071de8528e/files/3fc862ca2d1f69652038f161e3755e515fc65708789efce6956ac7e4aaa82c71 [none]
[debug] [2026-09-07T20:30:45.774Z] >>> [apiv2][body] POST https://upload-firebasehosting.googleapis.com/upload/sites/formacaosetelagoaspolitica/versions/e31fb1071de8528e/files/3fc862ca2d1f69652038f161e3755e515fc65708789efce6956ac7e4aaa82c71 [stream]
[debug] [2026-09-07T20:30:45.774Z] >>> [apiv2][query] POST https://upload-firebasehosting.googleapis.com/upload/sites/formacaosetelagoaspolitica/versions/e31fb1071de8528e/files/3ae14033910807d9790c86415247afe48c4e88546cffe65c964e35739c0073ba [none]
[debug] [2026-09-07T20:30:45.774Z] >>> [apiv2][body] POST https://upload-firebasehosting.googleapis.com/upload/sites/formacaosetelagoaspolitica/versions/e31fb1071de8528e/files/3ae14033910807d9790c86415247afe48c4e88546cffe65c964e35739c0073ba [stream]
[debug] [2026-09-07T20:30:45.774Z] >>> [apiv2][query] POST https://upload-firebasehosting.googleapis.com/upload/sites/formacaosetelagoaspolitica/versions/e31fb1071de8528e/files/6910c96f69604ae85bd9d2aab0f204757bb38e55e9a29502f0bddf49e661ab96 [none]
[debug] [2026-09-07T20:30:45.774Z] >>> [apiv2][body] POST https://upload-firebasehosting.googleapis.com/upload/sites/formacaosetelagoaspolitica/versions/e31fb1071de8528e/files/6910c96f69604ae85bd9d2aab0f204757bb38e55e9a29502f0bddf49e661ab96 [stream]
[debug] [2026-09-07T20:30:45.774Z] >>> [apiv2][query] POST https://upload-firebasehosting.googleapis.com/upload/sites/formacaosetelagoaspolitica/versions/e31fb1071de8528e/files/3c3bc786b827846421ab9b40b84b246e195a087088bafb69c41757e8e5f2b36d [none]
[debug] [2026-09-07T20:30:45.774Z] >>> [apiv2][body] POST https://upload-firebasehosting.googleapis.com/upload/sites/formacaosetelagoaspolitica/versions/e31fb1071de8528e/files/3c3bc786b827846421ab9b40b84b246e195a087088bafb69c41757e8e5f2b36d [stream]
[debug] [2026-09-07T20:30:45.775Z] >>> [apiv2][query] POST https://upload-firebasehosting.googleapis.com/upload/sites/formacaosetelagoaspolitica/versions/e31fb1071de8528e/files/267ec2f4eb8bc1c2daee65c0e97032f16a6d8affd5fbc3d4ce66ac290978cc4c [none]
[debug] [2026-09-07T20:30:45.775Z] >>> [apiv2][body] POST https://upload-firebasehosting.googleapis.com/upload/sites/formacaosetelagoaspolitica/versions/e31fb1071de8528e/files/267ec2f4eb8bc1c2daee65c0e97032f16a6d8affd5fbc3d4ce66ac290978cc4c [stream]
[debug] [2026-09-07T20:30:45.775Z] >>> [apiv2][query] POST https://upload-firebasehosting.googleapis.com/upload/sites/formacaosetelagoaspolitica/versions/e31fb1071de8528e/files/64eb8a73356230fd739dea4ac832ae2d36528f2a9ecfabb0f36eba67a71cadce [none]
[debug] [2026-09-07T20:30:45.775Z] >>> [apiv2][body] POST https://upload-firebasehosting.googleapis.com/upload/sites/formacaosetelagoaspolitica/versions/e31fb1071de8528e/files/64eb8a73356230fd739dea4ac832ae2d36528f2a9ecfabb0f36eba67a71cadce [stream]
[debug] [2026-09-07T20:30:45.775Z] >>> [apiv2][query] POST https://upload-firebasehosting.googleapis.com/upload/sites/formacaosetelagoaspolitica/versions/e31fb1071de8528e/files/514592f6552b200d213c92e21ffedfd3a73af6f0acffd8a288ec9a37e27c3d10 [none]
[debug] [2026-09-07T20:30:45.775Z] >>> [apiv2][body] POST https://upload-firebasehosting.googleapis.com/upload/sites/formacaosetelagoaspolitica/versions/e31fb1071de8528e/files/514592f6552b200d213c92e21ffedfd3a73af6f0acffd8a288ec9a37e27c3d10 [stream]
[debug] [2026-09-07T20:30:45.775Z] >>> [apiv2][query] POST https://upload-firebasehosting.googleapis.com/upload/sites/formacaosetelagoaspolitica/versions/e31fb1071de8528e/files/6670d1e4074275ae744a2a81e09c84c6a147149509414806ba48676d40fa880c [none]
[debug] [2026-09-07T20:30:45.775Z] >>> [apiv2][body] POST https://upload-firebasehosting.googleapis.com/upload/sites/formacaosetelagoaspolitica/versions/e31fb1071de8528e/files/6670d1e4074275ae744a2a81e09c84c6a147149509414806ba48676d40fa880c [stream]
[debug] [2026-09-07T20:30:45.776Z] >>> [apiv2][query] POST https://upload-firebasehosting.googleapis.com/upload/sites/formacaosetelagoaspolitica/versions/e31fb1071de8528e/files/681fbc22dbdfd6432a1e6c83a2413af1d8ed9f1dae9e4db9aa28cff4ff7743cf [none]
[debug] [2026-09-07T20:30:45.776Z] >>> [apiv2][body] POST https://upload-firebasehosting.googleapis.com/upload/sites/formacaosetelagoaspolitica/versions/e31fb1071de8528e/files/681fbc22dbdfd6432a1e6c83a2413af1d8ed9f1dae9e4db9aa28cff4ff7743cf [stream]
[debug] [2026-09-07T20:30:45.776Z] >>> [apiv2][query] POST https://upload-firebasehosting.googleapis.com/upload/sites/formacaosetelagoaspolitica/versions/e31fb1071de8528e/files/cd453a4b02c222827ee3c4a3f08dc4ab890f981ad033171ab86bec319afe0608 [none]
[debug] [2026-09-07T20:30:45.776Z] >>> [apiv2][body] POST https://upload-firebasehosting.googleapis.com/upload/sites/formacaosetelagoaspolitica/versions/e31fb1071de8528e/files/cd453a4b02c222827ee3c4a3f08dc4ab890f981ad033171ab86bec319afe0608 [stream]
[debug] [2026-09-07T20:30:45.776Z] >>> [apiv2][query] POST https://upload-firebasehosting.googleapis.com/upload/sites/formacaosetelagoaspolitica/versions/e31fb1071de8528e/files/4d9450dae6f26fbfdf7c9287cb103d2623273806dd45a115422fd47464dcabc7 [none]
[debug] [2026-09-07T20:30:45.776Z] >>> [apiv2][body] POST https://upload-firebasehosting.googleapis.com/upload/sites/formacaosetelagoaspolitica/versions/e31fb1071de8528e/files/4d9450dae6f26fbfdf7c9287cb103d2623273806dd45a115422fd47464dcabc7 [stream]
[debug] [2026-09-07T20:30:45.777Z] >>> [apiv2][query] POST https://upload-firebasehosting.googleapis.com/upload/sites/formacaosetelagoaspolitica/versions/e31fb1071de8528e/files/c14e10d37bc04a45ff8a5669e240eef7bd5971cdac1a0cc727bd845b78f563cb [none]
[debug] [2026-09-07T20:30:45.777Z] >>> [apiv2][body] POST https://upload-firebasehosting.googleapis.com/upload/sites/formacaosetelagoaspolitica/versions/e31fb1071de8528e/files/c14e10d37bc04a45ff8a5669e240eef7bd5971cdac1a0cc727bd845b78f563cb [stream]
[debug] [2026-09-07T20:30:45.777Z] >>> [apiv2][query] POST https://upload-firebasehosting.googleapis.com/upload/sites/formacaosetelagoaspolitica/versions/e31fb1071de8528e/files/c0c01c0c37d99d78c7e76d6bc0f8c80b24fe95e4ccfba0047c43a71dacd3c463 [none]
[debug] [2026-09-07T20:30:45.777Z] >>> [apiv2][body] POST https://upload-firebasehosting.googleapis.com/upload/sites/formacaosetelagoaspolitica/versions/e31fb1071de8528e/files/c0c01c0c37d99d78c7e76d6bc0f8c80b24fe95e4ccfba0047c43a71dacd3c463 [stream]
[debug] [2026-09-07T20:30:45.777Z] >>> [apiv2][query] POST https://upload-firebasehosting.googleapis.com/upload/sites/formacaosetelagoaspolitica/versions/e31fb1071de8528e/files/29aff5146eca1ec73def2204a8fe4802b2fa4584d63becbddab0a531db3622e7 [none]
[debug] [2026-09-07T20:30:45.777Z] >>> [apiv2][body] POST https://upload-firebasehosting.googleapis.com/upload/sites/formacaosetelagoaspolitica/versions/e31fb1071de8528e/files/29aff5146eca1ec73def2204a8fe4802b2fa4584d63becbddab0a531db3622e7 [stream]
[debug] [2026-09-07T20:30:45.777Z] >>> [apiv2][query] POST https://upload-firebasehosting.googleapis.com/upload/sites/formacaosetelagoaspolitica/versions/e31fb1071de8528e/files/870dc18f471d0cdcc4e7c4e075192743b284be5a15c37829131af70159f9f5cf [none]
[debug] [2026-09-07T20:30:45.777Z] >>> [apiv2][body] POST https://upload-firebasehosting.googleapis.com/upload/sites/formacaosetelagoaspolitica/versions/e31fb1071de8528e/files/870dc18f471d0cdcc4e7c4e075192743b284be5a15c37829131af70159f9f5cf [stream]
[debug] [2026-09-07T20:30:45.778Z] >>> [apiv2][query] POST https://upload-firebasehosting.googleapis.com/upload/sites/formacaosetelagoaspolitica/versions/e31fb1071de8528e/files/226910e2e214b2b34a1581f663266917bb7b22c76bf9016c2a4a2cbe2c6f4a7e [none]
[debug] [2026-09-07T20:30:45.778Z] >>> [apiv2][body] POST https://upload-firebasehosting.googleapis.com/upload/sites/formacaosetelagoaspolitica/versions/e31fb1071de8528e/files/226910e2e214b2b34a1581f663266917bb7b22c76bf9016c2a4a2cbe2c6f4a7e [stream]
[debug] [2026-09-07T20:30:45.778Z] >>> [apiv2][query] POST https://upload-firebasehosting.googleapis.com/upload/sites/formacaosetelagoaspolitica/versions/e31fb1071de8528e/files/068e94a07598f06fbb93c33e9da13791a99259b847cc4daed12473417fbc5a9d [none]
[debug] [2026-09-07T20:30:45.778Z] >>> [apiv2][body] POST https://upload-firebasehosting.googleapis.com/upload/sites/formacaosetelagoaspolitica/versions/e31fb1071de8528e/files/068e94a07598f06fbb93c33e9da13791a99259b847cc4daed12473417fbc5a9d [stream]
[debug] [2026-09-07T20:30:45.778Z] >>> [apiv2][query] POST https://upload-firebasehosting.googleapis.com/upload/sites/formacaosetelagoaspolitica/versions/e31fb1071de8528e/files/19029ce3ab4c8cfc34322f0b22d26045c6fa23e94520eda3a49bcd13969332f9 [none]
[debug] [2026-09-07T20:30:45.778Z] >>> [apiv2][body] POST https://upload-firebasehosting.googleapis.com/upload/sites/formacaosetelagoaspolitica/versions/e31fb1071de8528e/files/19029ce3ab4c8cfc34322f0b22d26045c6fa23e94520eda3a49bcd13969332f9 [stream]
[debug] [2026-09-07T20:30:45.778Z] >>> [apiv2][query] POST https://upload-firebasehosting.googleapis.com/upload/sites/formacaosetelagoaspolitica/versions/e31fb1071de8528e/files/2b8f77d1a83c7128cc2872c2e4315f73006b4c2b7f8d2191c80a24e125f64706 [none]
[debug] [2026-09-07T20:30:45.778Z] >>> [apiv2][body] POST https://upload-firebasehosting.googleapis.com/upload/sites/formacaosetelagoaspolitica/versions/e31fb1071de8528e/files/2b8f77d1a83c7128cc2872c2e4315f73006b4c2b7f8d2191c80a24e125f64706 [stream]
[debug] [2026-09-07T20:30:45.779Z] >>> [apiv2][query] POST https://upload-firebasehosting.googleapis.com/upload/sites/formacaosetelagoaspolitica/versions/e31fb1071de8528e/files/2d8bfc21d7dc6ebd20a2cd76adf64596fe55766cb3047eafd03ed1725549a7ef [none]
[debug] [2026-09-07T20:30:45.779Z] >>> [apiv2][body] POST https://upload-firebasehosting.googleapis.com/upload/sites/formacaosetelagoaspolitica/versions/e31fb1071de8528e/files/2d8bfc21d7dc6ebd20a2cd76adf64596fe55766cb3047eafd03ed1725549a7ef [stream]
[debug] [2026-09-07T20:30:45.779Z] >>> [apiv2][query] POST https://upload-firebasehosting.googleapis.com/upload/sites/formacaosetelagoaspolitica/versions/e31fb1071de8528e/files/8f9e7958625301ea2c89f88c40249c24075bb47ae94a05ea5bb20967254fe9dd [none]
[debug] [2026-09-07T20:30:45.779Z] >>> [apiv2][body] POST https://upload-firebasehosting.googleapis.com/upload/sites/formacaosetelagoaspolitica/versions/e31fb1071de8528e/files/8f9e7958625301ea2c89f88c40249c24075bb47ae94a05ea5bb20967254fe9dd [stream]
[debug] [2026-09-07T20:30:45.779Z] >>> [apiv2][query] POST https://upload-firebasehosting.googleapis.com/upload/sites/formacaosetelagoaspolitica/versions/e31fb1071de8528e/files/f91e39cffb27a7aceaf8cc275cc45637e219d530d17ec57b23c52edfe9da7d53 [none]
[debug] [2026-09-07T20:30:45.779Z] >>> [apiv2][body] POST https://upload-firebasehosting.googleapis.com/upload/sites/formacaosetelagoaspolitica/versions/e31fb1071de8528e/files/f91e39cffb27a7aceaf8cc275cc45637e219d530d17ec57b23c52edfe9da7d53 [stream]
[debug] [2026-09-07T20:30:45.780Z] >>> [apiv2][query] POST https://upload-firebasehosting.googleapis.com/upload/sites/formacaosetelagoaspolitica/versions/e31fb1071de8528e/files/d2772abfbfac1eeaa34799f0ad840dde66d30e4b4bf18d534e92a233a426c201 [none]
[debug] [2026-09-07T20:30:45.780Z] >>> [apiv2][body] POST https://upload-firebasehosting.googleapis.com/upload/sites/formacaosetelagoaspolitica/versions/e31fb1071de8528e/files/d2772abfbfac1eeaa34799f0ad840dde66d30e4b4bf18d534e92a233a426c201 [stream]
[debug] [2026-09-07T20:30:45.780Z] >>> [apiv2][query] POST https://upload-firebasehosting.googleapis.com/upload/sites/formacaosetelagoaspolitica/versions/e31fb1071de8528e/files/20e2d1a9dff342f74eb0da07cc9666cbd2a9fe87fc0b63a829a7a1ff8925c3e1 [none]
[debug] [2026-09-07T20:30:45.780Z] >>> [apiv2][body] POST https://upload-firebasehosting.googleapis.com/upload/sites/formacaosetelagoaspolitica/versions/e31fb1071de8528e/files/20e2d1a9dff342f74eb0da07cc9666cbd2a9fe87fc0b63a829a7a1ff8925c3e1 [stream]
[debug] [2026-09-07T20:30:45.780Z] >>> [apiv2][query] POST https://upload-firebasehosting.googleapis.com/upload/sites/formacaosetelagoaspolitica/versions/e31fb1071de8528e/files/173a2145123f2e169bf400a49852f931acf2e022ca138608a70a8a71061501f2 [none]
[debug] [2026-09-07T20:30:45.780Z] >>> [apiv2][body] POST https://upload-firebasehosting.googleapis.com/upload/sites/formacaosetelagoaspolitica/versions/e31fb1071de8528e/files/173a2145123f2e169bf400a49852f931acf2e022ca138608a70a8a71061501f2 [stream]
[debug] [2026-09-07T20:30:45.781Z] >>> [apiv2][query] POST https://upload-firebasehosting.googleapis.com/upload/sites/formacaosetelagoaspolitica/versions/e31fb1071de8528e/files/4c83b5a10ad9f09695af4942f2dcf5bf82816d2de56c9c5fdd5cabb47b84b1d9 [none]
[debug] [2026-09-07T20:30:45.781Z] >>> [apiv2][body] POST https://upload-firebasehosting.googleapis.com/upload/sites/formacaosetelagoaspolitica/versions/e31fb1071de8528e/files/4c83b5a10ad9f09695af4942f2dcf5bf82816d2de56c9c5fdd5cabb47b84b1d9 [stream]
[debug] [2026-09-07T20:30:45.781Z] >>> [apiv2][query] POST https://upload-firebasehosting.googleapis.com/upload/sites/formacaosetelagoaspolitica/versions/e31fb1071de8528e/files/0804ac238954148d1c2f57a6e57366e834d887ccf233890ee9c9e9dd6eaed5eb [none]
[debug] [2026-09-07T20:30:45.781Z] >>> [apiv2][body] POST https://upload-firebasehosting.googleapis.com/upload/sites/formacaosetelagoaspolitica/versions/e31fb1071de8528e/files/0804ac238954148d1c2f57a6e57366e834d887ccf233890ee9c9e9dd6eaed5eb [stream]
[debug] [2026-09-07T20:30:45.781Z] >>> [apiv2][query] POST https://upload-firebasehosting.googleapis.com/upload/sites/formacaosetelagoaspolitica/versions/e31fb1071de8528e/files/a52363518f2ff4de7b64063e52f7aea8264fc78e5855a328f7a02e89aaf33f46 [none]
[debug] [2026-09-07T20:30:45.781Z] >>> [apiv2][body] POST https://upload-firebasehosting.googleapis.com/upload/sites/formacaosetelagoaspolitica/versions/e31fb1071de8528e/files/a52363518f2ff4de7b64063e52f7aea8264fc78e5855a328f7a02e89aaf33f46 [stream]
[debug] [2026-09-07T20:30:45.781Z] >>> [apiv2][query] POST https://upload-firebasehosting.googleapis.com/upload/sites/formacaosetelagoaspolitica/versions/e31fb1071de8528e/files/6d55a2563d9bd108dc78bbda1a3b23b04fd1014c88a4eaa40522c4cce4532e30 [none]
[debug] [2026-09-07T20:30:45.782Z] >>> [apiv2][body] POST https://upload-firebasehosting.googleapis.com/upload/sites/formacaosetelagoaspolitica/versions/e31fb1071de8528e/files/6d55a2563d9bd108dc78bbda1a3b23b04fd1014c88a4eaa40522c4cce4532e30 [stream]
[debug] [2026-09-07T20:30:45.782Z] >>> [apiv2][query] POST https://upload-firebasehosting.googleapis.com/upload/sites/formacaosetelagoaspolitica/versions/e31fb1071de8528e/files/5c494d325d8f3ec20423d62ef040675c6fc89726e273cefe0fdf719bf8094daf [none]
[debug] [2026-09-07T20:30:45.782Z] >>> [apiv2][body] POST https://upload-firebasehosting.googleapis.com/upload/sites/formacaosetelagoaspolitica/versions/e31fb1071de8528e/files/5c494d325d8f3ec20423d62ef040675c6fc89726e273cefe0fdf719bf8094daf [stream]
[debug] [2026-09-07T20:30:45.782Z] >>> [apiv2][query] POST https://upload-firebasehosting.googleapis.com/upload/sites/formacaosetelagoaspolitica/versions/e31fb1071de8528e/files/d378b02f79debfc05d120ee23f3cb8b285a94849be573cd1208ac1906d59dae9 [none]
[debug] [2026-09-07T20:30:45.782Z] >>> [apiv2][body] POST https://upload-firebasehosting.googleapis.com/upload/sites/formacaosetelagoaspolitica/versions/e31fb1071de8528e/files/d378b02f79debfc05d120ee23f3cb8b285a94849be573cd1208ac1906d59dae9 [stream]
[debug] [2026-09-07T20:30:45.782Z] >>> [apiv2][query] POST https://upload-firebasehosting.googleapis.com/upload/sites/formacaosetelagoaspolitica/versions/e31fb1071de8528e/files/15a98f4dc86da2938bc2c38d9e5d51c2e96105f8887229694b00547b9cdcc6f5 [none]
[debug] [2026-09-07T20:30:45.782Z] >>> [apiv2][body] POST https://upload-firebasehosting.googleapis.com/upload/sites/formacaosetelagoaspolitica/versions/e31fb1071de8528e/files/15a98f4dc86da2938bc2c38d9e5d51c2e96105f8887229694b00547b9cdcc6f5 [stream]
[debug] [2026-09-07T20:30:45.783Z] >>> [apiv2][query] POST https://upload-firebasehosting.googleapis.com/upload/sites/formacaosetelagoaspolitica/versions/e31fb1071de8528e/files/80712a5d82f179b216a0fe2ba8772a65edc4d962e0c14dff315ff24cdbbdd83f [none]
[debug] [2026-09-07T20:30:45.783Z] >>> [apiv2][body] POST https://upload-firebasehosting.googleapis.com/upload/sites/formacaosetelagoaspolitica/versions/e31fb1071de8528e/files/80712a5d82f179b216a0fe2ba8772a65edc4d962e0c14dff315ff24cdbbdd83f [stream]
[debug] [2026-09-07T20:30:45.783Z] >>> [apiv2][query] POST https://upload-firebasehosting.googleapis.com/upload/sites/formacaosetelagoaspolitica/versions/e31fb1071de8528e/files/1f14a95c264605ce529e4beb63f66621e8940ccf9a0fb44a43ef2753f19a798c [none]
[debug] [2026-09-07T20:30:45.783Z] >>> [apiv2][body] POST https://upload-firebasehosting.googleapis.com/upload/sites/formacaosetelagoaspolitica/versions/e31fb1071de8528e/files/1f14a95c264605ce529e4beb63f66621e8940ccf9a0fb44a43ef2753f19a798c [stream]
[debug] [2026-09-07T20:30:45.783Z] >>> [apiv2][query] POST https://upload-firebasehosting.googleapis.com/upload/sites/formacaosetelagoaspolitica/versions/e31fb1071de8528e/files/3023942a8717b97f0fbe5d2bc309b605085dd02e0f9d4b2e5ae2e954ce068fcc [none]
[debug] [2026-09-07T20:30:45.783Z] >>> [apiv2][body] POST https://upload-firebasehosting.googleapis.com/upload/sites/formacaosetelagoaspolitica/versions/e31fb1071de8528e/files/3023942a8717b97f0fbe5d2bc309b605085dd02e0f9d4b2e5ae2e954ce068fcc [stream]
[debug] [2026-09-07T20:30:45.783Z] >>> [apiv2][query] POST https://upload-firebasehosting.googleapis.com/upload/sites/formacaosetelagoaspolitica/versions/e31fb1071de8528e/files/3574b84e3e5fc0f594aa07419a970b696eb80d92f0a16f382611b2312e1cc807 [none]
[debug] [2026-09-07T20:30:45.783Z] >>> [apiv2][body] POST https://upload-firebasehosting.googleapis.com/upload/sites/formacaosetelagoaspolitica/versions/e31fb1071de8528e/files/3574b84e3e5fc0f594aa07419a970b696eb80d92f0a16f382611b2312e1cc807 [stream]
[debug] [2026-09-07T20:30:45.784Z] >>> [apiv2][query] POST https://upload-firebasehosting.googleapis.com/upload/sites/formacaosetelagoaspolitica/versions/e31fb1071de8528e/files/f55346988ad046564704883ee4dbe09511428c88e024dc280e2942161a88d0b8 [none]
[debug] [2026-09-07T20:30:45.784Z] >>> [apiv2][body] POST https://upload-firebasehosting.googleapis.com/upload/sites/formacaosetelagoaspolitica/versions/e31fb1071de8528e/files/f55346988ad046564704883ee4dbe09511428c88e024dc280e2942161a88d0b8 [stream]
[debug] [2026-09-07T20:30:45.784Z] >>> [apiv2][query] POST https://upload-firebasehosting.googleapis.com/upload/sites/formacaosetelagoaspolitica/versions/e31fb1071de8528e/files/809af8dbb3562da8a4e9b3e4b3778430ad2cb6b8e7777145feed4c2980fcaca8 [none]
[debug] [2026-09-07T20:30:45.784Z] >>> [apiv2][body] POST https://upload-firebasehosting.googleapis.com/upload/sites/formacaosetelagoaspolitica/versions/e31fb1071de8528e/files/809af8dbb3562da8a4e9b3e4b3778430ad2cb6b8e7777145feed4c2980fcaca8 [stream]
[debug] [2026-09-07T20:30:45.784Z] >>> [apiv2][query] POST https://upload-firebasehosting.googleapis.com/upload/sites/formacaosetelagoaspolitica/versions/e31fb1071de8528e/files/f5c9e52a89376ec6919f3e65580b824e7b4221386f9cfb889f0ff4a939e4eca5 [none]
[debug] [2026-09-07T20:30:45.784Z] >>> [apiv2][body] POST https://upload-firebasehosting.googleapis.com/upload/sites/formacaosetelagoaspolitica/versions/e31fb1071de8528e/files/f5c9e52a89376ec6919f3e65580b824e7b4221386f9cfb889f0ff4a939e4eca5 [stream]
[debug] [2026-09-07T20:30:45.784Z] >>> [apiv2][query] POST https://upload-firebasehosting.googleapis.com/upload/sites/formacaosetelagoaspolitica/versions/e31fb1071de8528e/files/c2e6de548eee3869d069fddcc71627b25c6c2dfbb899c13460e2b64520dd4d5f [none]
[debug] [2026-09-07T20:30:45.784Z] >>> [apiv2][body] POST https://upload-firebasehosting.googleapis.com/upload/sites/formacaosetelagoaspolitica/versions/e31fb1071de8528e/files/c2e6de548eee3869d069fddcc71627b25c6c2dfbb899c13460e2b64520dd4d5f [stream]
[debug] [2026-09-07T20:30:45.785Z] >>> [apiv2][query] POST https://upload-firebasehosting.googleapis.com/upload/sites/formacaosetelagoaspolitica/versions/e31fb1071de8528e/files/4e8e0baaca060c0aa2eab9d208919487a1766d9db9cf4c77522766633d0b6f7c [none]
[debug] [2026-09-07T20:30:45.785Z] >>> [apiv2][body] POST https://upload-firebasehosting.googleapis.com/upload/sites/formacaosetelagoaspolitica/versions/e31fb1071de8528e/files/4e8e0baaca060c0aa2eab9d208919487a1766d9db9cf4c77522766633d0b6f7c [stream]
[debug] [2026-09-07T20:30:45.785Z] >>> [apiv2][query] POST https://upload-firebasehosting.googleapis.com/upload/sites/formacaosetelagoaspolitica/versions/e31fb1071de8528e/files/ad5a830dd5cf964d59e4205eb677a0032f2ee566efcf8baf91c93d24a6db81b7 [none]
[debug] [2026-09-07T20:30:45.785Z] >>> [apiv2][body] POST https://upload-firebasehosting.googleapis.com/upload/sites/formacaosetelagoaspolitica/versions/e31fb1071de8528e/files/ad5a830dd5cf964d59e4205eb677a0032f2ee566efcf8baf91c93d24a6db81b7 [stream]
[debug] [2026-09-07T20:30:45.785Z] >>> [apiv2][query] POST https://upload-firebasehosting.googleapis.com/upload/sites/formacaosetelagoaspolitica/versions/e31fb1071de8528e/files/791253db1313bc3ef670178bc27178e5defd3cbca19229de28129786521f7a2d [none]
[debug] [2026-09-07T20:30:45.785Z] >>> [apiv2][body] POST https://upload-firebasehosting.googleapis.com/upload/sites/formacaosetelagoaspolitica/versions/e31fb1071de8528e/files/791253db1313bc3ef670178bc27178e5defd3cbca19229de28129786521f7a2d [stream]
[debug] [2026-09-07T20:30:45.785Z] >>> [apiv2][query] POST https://upload-firebasehosting.googleapis.com/upload/sites/formacaosetelagoaspolitica/versions/e31fb1071de8528e/files/bf8aef15d36cab04ae57098cfa6e8455ab37b5a9fc324f0477f5459f612e72a9 [none]
[debug] [2026-09-07T20:30:45.785Z] >>> [apiv2][body] POST https://upload-firebasehosting.googleapis.com/upload/sites/formacaosetelagoaspolitica/versions/e31fb1071de8528e/files/bf8aef15d36cab04ae57098cfa6e8455ab37b5a9fc324f0477f5459f612e72a9 [stream]
[debug] [2026-09-07T20:30:45.786Z] >>> [apiv2][query] POST https://upload-firebasehosting.googleapis.com/upload/sites/formacaosetelagoaspolitica/versions/e31fb1071de8528e/files/ea6bb9f5e46fb4e185c133cc78c22a277e4a835ac1076195840e7f19e5925866 [none]
[debug] [2026-09-07T20:30:45.786Z] >>> [apiv2][body] POST https://upload-firebasehosting.googleapis.com/upload/sites/formacaosetelagoaspolitica/versions/e31fb1071de8528e/files/ea6bb9f5e46fb4e185c133cc78c22a277e4a835ac1076195840e7f19e5925866 [stream]
[debug] [2026-09-07T20:30:45.786Z] >>> [apiv2][query] POST https://upload-firebasehosting.googleapis.com/upload/sites/formacaosetelagoaspolitica/versions/e31fb1071de8528e/files/f61f27bd17de546264aa58f40f3aafaac7021e0ef69c17f6b1b4cd7664a037ec [none]
[debug] [2026-09-07T20:30:45.786Z] >>> [apiv2][body] POST https://upload-firebasehosting.googleapis.com/upload/sites/formacaosetelagoaspolitica/versions/e31fb1071de8528e/files/f61f27bd17de546264aa58f40f3aafaac7021e0ef69c17f6b1b4cd7664a037ec [stream]
[debug] [2026-09-07T20:30:45.786Z] >>> [apiv2][query] POST https://upload-firebasehosting.googleapis.com/upload/sites/formacaosetelagoaspolitica/versions/e31fb1071de8528e/files/d92d7fd9466fe8c95915bacaaf8afef6c859d4c18c34bd2cca74a5a9d1fb0744 [none]
[debug] [2026-09-07T20:30:45.786Z] >>> [apiv2][body] POST https://upload-firebasehosting.googleapis.com/upload/sites/formacaosetelagoaspolitica/versions/e31fb1071de8528e/files/d92d7fd9466fe8c95915bacaaf8afef6c859d4c18c34bd2cca74a5a9d1fb0744 [stream]
[debug] [2026-09-07T20:30:45.787Z] >>> [apiv2][query] POST https://upload-firebasehosting.googleapis.com/upload/sites/formacaosetelagoaspolitica/versions/e31fb1071de8528e/files/ddaae9d82b7b7007e75c988152e5e3c25594ead853da077df7a9a138d92fe2df [none]
[debug] [2026-09-07T20:30:45.787Z] >>> [apiv2][body] POST https://upload-firebasehosting.googleapis.com/upload/sites/formacaosetelagoaspolitica/versions/e31fb1071de8528e/files/ddaae9d82b7b7007e75c988152e5e3c25594ead853da077df7a9a138d92fe2df [stream]
[debug] [2026-09-07T20:30:45.788Z] >>> [apiv2][query] POST https://upload-firebasehosting.googleapis.com/upload/sites/formacaosetelagoaspolitica/versions/e31fb1071de8528e/files/296fbcb5ba205079658497d0e2d1b0df1b733b6a856edb5c2a8291863f74679b [none]
[debug] [2026-09-07T20:30:45.788Z] >>> [apiv2][body] POST https://upload-firebasehosting.googleapis.com/upload/sites/formacaosetelagoaspolitica/versions/e31fb1071de8528e/files/296fbcb5ba205079658497d0e2d1b0df1b733b6a856edb5c2a8291863f74679b [stream]
[debug] [2026-09-07T20:30:45.788Z] >>> [apiv2][query] POST https://upload-firebasehosting.googleapis.com/upload/sites/formacaosetelagoaspolitica/versions/e31fb1071de8528e/files/42cfce79fc6b5a3bb69add592ed651f401a69f426a89f09b849bf7f39a4ce63f [none]
[debug] [2026-09-07T20:30:45.788Z] >>> [apiv2][body] POST https://upload-firebasehosting.googleapis.com/upload/sites/formacaosetelagoaspolitica/versions/e31fb1071de8528e/files/42cfce79fc6b5a3bb69add592ed651f401a69f426a89f09b849bf7f39a4ce63f [stream]
[debug] [2026-09-07T20:30:45.789Z] >>> [apiv2][query] POST https://upload-firebasehosting.googleapis.com/upload/sites/formacaosetelagoaspolitica/versions/e31fb1071de8528e/files/319149a721bda232e16dcc42f8d80314371f6c7613dfa41851835d828050a2a0 [none]
[debug] [2026-09-07T20:30:45.789Z] >>> [apiv2][body] POST https://upload-firebasehosting.googleapis.com/upload/sites/formacaosetelagoaspolitica/versions/e31fb1071de8528e/files/319149a721bda232e16dcc42f8d80314371f6c7613dfa41851835d828050a2a0 [stream]
[debug] [2026-09-07T20:30:45.789Z] >>> [apiv2][query] POST https://upload-firebasehosting.googleapis.com/upload/sites/formacaosetelagoaspolitica/versions/e31fb1071de8528e/files/58d6bec745cc48433796fe00dd23ea2844578bd1cfa1bbf4e531c110f055ddfc [none]
[debug] [2026-09-07T20:30:45.789Z] >>> [apiv2][body] POST https://upload-firebasehosting.googleapis.com/upload/sites/formacaosetelagoaspolitica/versions/e31fb1071de8528e/files/58d6bec745cc48433796fe00dd23ea2844578bd1cfa1bbf4e531c110f055ddfc [stream]
[debug] [2026-09-07T20:30:45.790Z] >>> [apiv2][query] POST https://upload-firebasehosting.googleapis.com/upload/sites/formacaosetelagoaspolitica/versions/e31fb1071de8528e/files/73a4870b86067ef7665faecc600ccf6f28e81e8a26aea47cf140a612ce065786 [none]
[debug] [2026-09-07T20:30:45.790Z] >>> [apiv2][body] POST https://upload-firebasehosting.googleapis.com/upload/sites/formacaosetelagoaspolitica/versions/e31fb1071de8528e/files/73a4870b86067ef7665faecc600ccf6f28e81e8a26aea47cf140a612ce065786 [stream]
[debug] [2026-09-07T20:30:45.790Z] >>> [apiv2][query] POST https://upload-firebasehosting.googleapis.com/upload/sites/formacaosetelagoaspolitica/versions/e31fb1071de8528e/files/df48036a96704dcea1bd9a1bcb3dc4ecf1e568d0ee7db20845ee7453493ea083 [none]
[debug] [2026-09-07T20:30:45.790Z] >>> [apiv2][body] POST https://upload-firebasehosting.googleapis.com/upload/sites/formacaosetelagoaspolitica/versions/e31fb1071de8528e/files/df48036a96704dcea1bd9a1bcb3dc4ecf1e568d0ee7db20845ee7453493ea083 [stream]
[debug] [2026-09-07T20:30:45.790Z] >>> [apiv2][query] POST https://upload-firebasehosting.googleapis.com/upload/sites/formacaosetelagoaspolitica/versions/e31fb1071de8528e/files/357027b428dc4c0a2a25a972baccce5dd84d35d9d9af00e7d7f97cc342aedda9 [none]
[debug] [2026-09-07T20:30:45.791Z] >>> [apiv2][body] POST https://upload-firebasehosting.googleapis.com/upload/sites/formacaosetelagoaspolitica/versions/e31fb1071de8528e/files/357027b428dc4c0a2a25a972baccce5dd84d35d9d9af00e7d7f97cc342aedda9 [stream]
[debug] [2026-09-07T20:30:45.791Z] >>> [apiv2][query] POST https://upload-firebasehosting.googleapis.com/upload/sites/formacaosetelagoaspolitica/versions/e31fb1071de8528e/files/79f54555a1dd9a7e007fbb86ae988adbc458d1d7ccbcdd7e80694d28d7778ce7 [none]
[debug] [2026-09-07T20:30:45.791Z] >>> [apiv2][body] POST https://upload-firebasehosting.googleapis.com/upload/sites/formacaosetelagoaspolitica/versions/e31fb1071de8528e/files/79f54555a1dd9a7e007fbb86ae988adbc458d1d7ccbcdd7e80694d28d7778ce7 [stream]
[debug] [2026-09-07T20:30:45.865Z] [hosting][populate queue][FINAL] {"max":677,"min":677,"avg":677,"active":0,"complete":1,"success":1,"errored":0,"retried":0,"total":1,"elapsed":799}
[debug] [2026-09-07T20:30:45.865Z] [hosting] uploads queued: 130
[info] i  hosting: uploading new files [0/130] (0%) 
[debug] [2026-09-07T20:30:47.709Z] <<< [apiv2][status] POST https://upload-firebasehosting.googleapis.com/upload/sites/formacaosetelagoaspolitica/versions/e31fb1071de8528e/files/46cb926ced40f49b67b74384f68b336b45c771d86a0484e307cf23a5c679f38c 200
[debug] [2026-09-07T20:30:47.709Z] <<< [apiv2][body] POST https://upload-firebasehosting.googleapis.com/upload/sites/formacaosetelagoaspolitica/versions/e31fb1071de8528e/files/46cb926ced40f49b67b74384f68b336b45c771d86a0484e307cf23a5c679f38c [stream]
[debug] [2026-09-07T20:30:47.736Z] <<< [apiv2][status] POST https://upload-firebasehosting.googleapis.com/upload/sites/formacaosetelagoaspolitica/versions/e31fb1071de8528e/files/e7d4ed7e7514626d601208f5189ac9b3095a022efea8e4b62ceb085a7e6588ed 200
[debug] [2026-09-07T20:30:47.736Z] <<< [apiv2][body] POST https://upload-firebasehosting.googleapis.com/upload/sites/formacaosetelagoaspolitica/versions/e31fb1071de8528e/files/e7d4ed7e7514626d601208f5189ac9b3095a022efea8e4b62ceb085a7e6588ed [stream]
[debug] [2026-09-07T20:30:47.737Z] <<< [apiv2][status] POST https://upload-firebasehosting.googleapis.com/upload/sites/formacaosetelagoaspolitica/versions/e31fb1071de8528e/files/60432183a350f561715e98ef80250e00588a87f130026fbe7f3537831d1a8c5a 200
[debug] [2026-09-07T20:30:47.737Z] <<< [apiv2][body] POST https://upload-firebasehosting.googleapis.com/upload/sites/formacaosetelagoaspolitica/versions/e31fb1071de8528e/files/60432183a350f561715e98ef80250e00588a87f130026fbe7f3537831d1a8c5a [stream]
[debug] [2026-09-07T20:30:47.738Z] <<< [apiv2][status] POST https://upload-firebasehosting.googleapis.com/upload/sites/formacaosetelagoaspolitica/versions/e31fb1071de8528e/files/07c4ce3a35e36d19b529be032a6cc2b6c903d097b1e19ded055243f9a3af26a3 200
[debug] [2026-09-07T20:30:47.738Z] <<< [apiv2][body] POST https://upload-firebasehosting.googleapis.com/upload/sites/formacaosetelagoaspolitica/versions/e31fb1071de8528e/files/07c4ce3a35e36d19b529be032a6cc2b6c903d097b1e19ded055243f9a3af26a3 [stream]
[debug] [2026-09-07T20:30:47.757Z] <<< [apiv2][status] POST https://upload-firebasehosting.googleapis.com/upload/sites/formacaosetelagoaspolitica/versions/e31fb1071de8528e/files/6e421c5d9d91f9485af068fe60f9cf00ae103d0dacf01ed813b7a9e6bfbb63a3 200
[debug] [2026-09-07T20:30:47.757Z] <<< [apiv2][body] POST https://upload-firebasehosting.googleapis.com/upload/sites/formacaosetelagoaspolitica/versions/e31fb1071de8528e/files/6e421c5d9d91f9485af068fe60f9cf00ae103d0dacf01ed813b7a9e6bfbb63a3 [stream]
[debug] [2026-09-07T20:30:47.785Z] <<< [apiv2][status] POST https://upload-firebasehosting.googleapis.com/upload/sites/formacaosetelagoaspolitica/versions/e31fb1071de8528e/files/1b9d10ad58f465a27f23d0fda72a22744444f3759b6787f95f4741eaae8e31c8 200
[debug] [2026-09-07T20:30:47.785Z] <<< [apiv2][body] POST https://upload-firebasehosting.googleapis.com/upload/sites/formacaosetelagoaspolitica/versions/e31fb1071de8528e/files/1b9d10ad58f465a27f23d0fda72a22744444f3759b6787f95f4741eaae8e31c8 [stream]
[debug] [2026-09-07T20:30:47.812Z] <<< [apiv2][status] POST https://upload-firebasehosting.googleapis.com/upload/sites/formacaosetelagoaspolitica/versions/e31fb1071de8528e/files/84d1570eafed5cd87682c9ad8195a7b8b422fdb1f4acf47df2a940a873cb519a 200
[debug] [2026-09-07T20:30:47.812Z] <<< [apiv2][body] POST https://upload-firebasehosting.googleapis.com/upload/sites/formacaosetelagoaspolitica/versions/e31fb1071de8528e/files/84d1570eafed5cd87682c9ad8195a7b8b422fdb1f4acf47df2a940a873cb519a [stream]
[debug] [2026-09-07T20:30:47.825Z] <<< [apiv2][status] POST https://upload-firebasehosting.googleapis.com/upload/sites/formacaosetelagoaspolitica/versions/e31fb1071de8528e/files/58766951e606b2022f59cd9f29b2917abd798a925686f219a831c72d3b896199 200
[debug] [2026-09-07T20:30:47.825Z] <<< [apiv2][body] POST https://upload-firebasehosting.googleapis.com/upload/sites/formacaosetelagoaspolitica/versions/e31fb1071de8528e/files/58766951e606b2022f59cd9f29b2917abd798a925686f219a831c72d3b896199 [stream]
[debug] [2026-09-07T20:30:47.831Z] <<< [apiv2][status] POST https://upload-firebasehosting.googleapis.com/upload/sites/formacaosetelagoaspolitica/versions/e31fb1071de8528e/files/cfffcf15cb9afb4f3fd2f6a3de446564158bdae6960b06a7887096c2e4f5b83c 200
[debug] [2026-09-07T20:30:47.831Z] <<< [apiv2][body] POST https://upload-firebasehosting.googleapis.com/upload/sites/formacaosetelagoaspolitica/versions/e31fb1071de8528e/files/cfffcf15cb9afb4f3fd2f6a3de446564158bdae6960b06a7887096c2e4f5b83c [stream]
[debug] [2026-09-07T20:30:47.883Z] <<< [apiv2][status] POST https://upload-firebasehosting.googleapis.com/upload/sites/formacaosetelagoaspolitica/versions/e31fb1071de8528e/files/3c4e4483dfa5812f91e8417ea67dcf56b17eeb40700d81d9f5980c63d205a877 200
[debug] [2026-09-07T20:30:47.883Z] <<< [apiv2][body] POST https://upload-firebasehosting.googleapis.com/upload/sites/formacaosetelagoaspolitica/versions/e31fb1071de8528e/files/3c4e4483dfa5812f91e8417ea67dcf56b17eeb40700d81d9f5980c63d205a877 [stream]
[debug] [2026-09-07T20:30:47.884Z] <<< [apiv2][status] POST https://upload-firebasehosting.googleapis.com/upload/sites/formacaosetelagoaspolitica/versions/e31fb1071de8528e/files/28f11529965693904377ffb630efe9ffd47e8d0660ff66ffbe00315324eb335a 200
[debug] [2026-09-07T20:30:47.884Z] <<< [apiv2][body] POST https://upload-firebasehosting.googleapis.com/upload/sites/formacaosetelagoaspolitica/versions/e31fb1071de8528e/files/28f11529965693904377ffb630efe9ffd47e8d0660ff66ffbe00315324eb335a [stream]
[debug] [2026-09-07T20:30:47.905Z] <<< [apiv2][status] POST https://upload-firebasehosting.googleapis.com/upload/sites/formacaosetelagoaspolitica/versions/e31fb1071de8528e/files/bba3462eb282d85ea53b6d858356c99dabe5a8f60f40cd4335e1f20d18ee080b 200
[debug] [2026-09-07T20:30:47.905Z] <<< [apiv2][body] POST https://upload-firebasehosting.googleapis.com/upload/sites/formacaosetelagoaspolitica/versions/e31fb1071de8528e/files/bba3462eb282d85ea53b6d858356c99dabe5a8f60f40cd4335e1f20d18ee080b [stream]
[debug] [2026-09-07T20:30:47.920Z] <<< [apiv2][status] POST https://upload-firebasehosting.googleapis.com/upload/sites/formacaosetelagoaspolitica/versions/e31fb1071de8528e/files/ed3eb32cc6113065f8c535c7c3a88a90dccdd0b41c5233099c22cc0d1fb0a085 200
[debug] [2026-09-07T20:30:47.920Z] <<< [apiv2][body] POST https://upload-firebasehosting.googleapis.com/upload/sites/formacaosetelagoaspolitica/versions/e31fb1071de8528e/files/ed3eb32cc6113065f8c535c7c3a88a90dccdd0b41c5233099c22cc0d1fb0a085 [stream]
[debug] [2026-09-07T20:30:47.945Z] <<< [apiv2][status] POST https://upload-firebasehosting.googleapis.com/upload/sites/formacaosetelagoaspolitica/versions/e31fb1071de8528e/files/953612cf37404c4ad2f573e3103702a655030abedd0b1993f6f0630b7938bad1 200
[debug] [2026-09-07T20:30:47.945Z] <<< [apiv2][body] POST https://upload-firebasehosting.googleapis.com/upload/sites/formacaosetelagoaspolitica/versions/e31fb1071de8528e/files/953612cf37404c4ad2f573e3103702a655030abedd0b1993f6f0630b7938bad1 [stream]
[debug] [2026-09-07T20:30:47.953Z] <<< [apiv2][status] POST https://upload-firebasehosting.googleapis.com/upload/sites/formacaosetelagoaspolitica/versions/e31fb1071de8528e/files/093182b421739a258a74496838d680fd3a930ad266a9b638d19d10bce8cc85ec 200
[debug] [2026-09-07T20:30:47.953Z] <<< [apiv2][body] POST https://upload-firebasehosting.googleapis.com/upload/sites/formacaosetelagoaspolitica/versions/e31fb1071de8528e/files/093182b421739a258a74496838d680fd3a930ad266a9b638d19d10bce8cc85ec [stream]
[debug] [2026-09-07T20:30:47.957Z] <<< [apiv2][status] POST https://upload-firebasehosting.googleapis.com/upload/sites/formacaosetelagoaspolitica/versions/e31fb1071de8528e/files/518c9905c9ec67a04f8132296b8c100f20e5e2afb2f51c77980d55e7c77c104e 200
[debug] [2026-09-07T20:30:47.957Z] <<< [apiv2][body] POST https://upload-firebasehosting.googleapis.com/upload/sites/formacaosetelagoaspolitica/versions/e31fb1071de8528e/files/518c9905c9ec67a04f8132296b8c100f20e5e2afb2f51c77980d55e7c77c104e [stream]
[debug] [2026-09-07T20:30:47.981Z] <<< [apiv2][status] POST https://upload-firebasehosting.googleapis.com/upload/sites/formacaosetelagoaspolitica/versions/e31fb1071de8528e/files/913a26cff3c5bce560a83635a9ef03a9b5c8642020c586d60b77fb68549208bb 200
[debug] [2026-09-07T20:30:47.981Z] <<< [apiv2][body] POST https://upload-firebasehosting.googleapis.com/upload/sites/formacaosetelagoaspolitica/versions/e31fb1071de8528e/files/913a26cff3c5bce560a83635a9ef03a9b5c8642020c586d60b77fb68549208bb [stream]
[debug] [2026-09-07T20:30:47.987Z] <<< [apiv2][status] POST https://upload-firebasehosting.googleapis.com/upload/sites/formacaosetelagoaspolitica/versions/e31fb1071de8528e/files/3a45bd1d3b1fd946092ca1c122de25ec3779bacd0400d332e9424ac418a42353 200
[debug] [2026-09-07T20:30:47.988Z] <<< [apiv2][body] POST https://upload-firebasehosting.googleapis.com/upload/sites/formacaosetelagoaspolitica/versions/e31fb1071de8528e/files/3a45bd1d3b1fd946092ca1c122de25ec3779bacd0400d332e9424ac418a42353 [stream]
[debug] [2026-09-07T20:30:47.998Z] <<< [apiv2][status] POST https://upload-firebasehosting.googleapis.com/upload/sites/formacaosetelagoaspolitica/versions/e31fb1071de8528e/files/9caf263a07318ba7838942f6b9ed6d9dd0114e6e2c7c422502804e11c9305597 200
[debug] [2026-09-07T20:30:47.999Z] <<< [apiv2][body] POST https://upload-firebasehosting.googleapis.com/upload/sites/formacaosetelagoaspolitica/versions/e31fb1071de8528e/files/9caf263a07318ba7838942f6b9ed6d9dd0114e6e2c7c422502804e11c9305597 [stream]
[debug] [2026-09-07T20:30:48.019Z] <<< [apiv2][status] POST https://upload-firebasehosting.googleapis.com/upload/sites/formacaosetelagoaspolitica/versions/e31fb1071de8528e/files/7a973c7241dc0467ca9c57fd5f3a56ce99e9beca76b29c92d3abd451617ac4ec 200
[debug] [2026-09-07T20:30:48.019Z] <<< [apiv2][body] POST https://upload-firebasehosting.googleapis.com/upload/sites/formacaosetelagoaspolitica/versions/e31fb1071de8528e/files/7a973c7241dc0467ca9c57fd5f3a56ce99e9beca76b29c92d3abd451617ac4ec [stream]
[debug] [2026-09-07T20:30:48.234Z] <<< [apiv2][status] POST https://upload-firebasehosting.googleapis.com/upload/sites/formacaosetelagoaspolitica/versions/e31fb1071de8528e/files/6a1957323dcdd534fe6b5d80cb8136e322f486641fe0f1ee310c78561e7dcb3c 200
[debug] [2026-09-07T20:30:48.234Z] <<< [apiv2][body] POST https://upload-firebasehosting.googleapis.com/upload/sites/formacaosetelagoaspolitica/versions/e31fb1071de8528e/files/6a1957323dcdd534fe6b5d80cb8136e322f486641fe0f1ee310c78561e7dcb3c [stream]
[debug] [2026-09-07T20:30:48.266Z] <<< [apiv2][status] POST https://upload-firebasehosting.googleapis.com/upload/sites/formacaosetelagoaspolitica/versions/e31fb1071de8528e/files/c5fbac9dd53cd5457adba45b919f4d1783069f85fa80d7394c962e930c727442 200
[debug] [2026-09-07T20:30:48.266Z] <<< [apiv2][body] POST https://upload-firebasehosting.googleapis.com/upload/sites/formacaosetelagoaspolitica/versions/e31fb1071de8528e/files/c5fbac9dd53cd5457adba45b919f4d1783069f85fa80d7394c962e930c727442 [stream]
[debug] [2026-09-07T20:30:48.300Z] <<< [apiv2][status] POST https://upload-firebasehosting.googleapis.com/upload/sites/formacaosetelagoaspolitica/versions/e31fb1071de8528e/files/60534187bbae9e5f5837e3638274e1b36cb6f486f57844c7a75b7e2410decfc7 200
[debug] [2026-09-07T20:30:48.300Z] <<< [apiv2][body] POST https://upload-firebasehosting.googleapis.com/upload/sites/formacaosetelagoaspolitica/versions/e31fb1071de8528e/files/60534187bbae9e5f5837e3638274e1b36cb6f486f57844c7a75b7e2410decfc7 [stream]
[debug] [2026-09-07T20:30:48.312Z] <<< [apiv2][status] POST https://upload-firebasehosting.googleapis.com/upload/sites/formacaosetelagoaspolitica/versions/e31fb1071de8528e/files/ebf7809b165f33d0c5879fe7647d39608e0b21e1e5ed37fd2252c7fdf5d2afdb 200
[debug] [2026-09-07T20:30:48.312Z] <<< [apiv2][body] POST https://upload-firebasehosting.googleapis.com/upload/sites/formacaosetelagoaspolitica/versions/e31fb1071de8528e/files/ebf7809b165f33d0c5879fe7647d39608e0b21e1e5ed37fd2252c7fdf5d2afdb [stream]
[debug] [2026-09-07T20:30:48.316Z] <<< [apiv2][status] POST https://upload-firebasehosting.googleapis.com/upload/sites/formacaosetelagoaspolitica/versions/e31fb1071de8528e/files/0841f354ce5bda6aba7c2848439e18201772479d26a26106ced5c443157da145 200
[debug] [2026-09-07T20:30:48.316Z] <<< [apiv2][body] POST https://upload-firebasehosting.googleapis.com/upload/sites/formacaosetelagoaspolitica/versions/e31fb1071de8528e/files/0841f354ce5bda6aba7c2848439e18201772479d26a26106ced5c443157da145 [stream]
[debug] [2026-09-07T20:30:48.324Z] <<< [apiv2][status] POST https://upload-firebasehosting.googleapis.com/upload/sites/formacaosetelagoaspolitica/versions/e31fb1071de8528e/files/1840c416bd352ec8218d8374fdf80fca4662b5c41f5f8186e6dda48ffa165f2d 200
[debug] [2026-09-07T20:30:48.324Z] <<< [apiv2][body] POST https://upload-firebasehosting.googleapis.com/upload/sites/formacaosetelagoaspolitica/versions/e31fb1071de8528e/files/1840c416bd352ec8218d8374fdf80fca4662b5c41f5f8186e6dda48ffa165f2d [stream]
[debug] [2026-09-07T20:30:48.340Z] <<< [apiv2][status] POST https://upload-firebasehosting.googleapis.com/upload/sites/formacaosetelagoaspolitica/versions/e31fb1071de8528e/files/da80fe81b55a98febbe807f5cf6e57f7859f55d5e5bbe47b43ea6fff4be1ad7e 200
[debug] [2026-09-07T20:30:48.340Z] <<< [apiv2][body] POST https://upload-firebasehosting.googleapis.com/upload/sites/formacaosetelagoaspolitica/versions/e31fb1071de8528e/files/da80fe81b55a98febbe807f5cf6e57f7859f55d5e5bbe47b43ea6fff4be1ad7e [stream]
[debug] [2026-09-07T20:30:48.340Z] <<< [apiv2][status] POST https://upload-firebasehosting.googleapis.com/upload/sites/formacaosetelagoaspolitica/versions/e31fb1071de8528e/files/9a00c523150aa8c99762093e5c27aa91bb8875109e3b42344ca418034e407958 200
[debug] [2026-09-07T20:30:48.340Z] <<< [apiv2][body] POST https://upload-firebasehosting.googleapis.com/upload/sites/formacaosetelagoaspolitica/versions/e31fb1071de8528e/files/9a00c523150aa8c99762093e5c27aa91bb8875109e3b42344ca418034e407958 [stream]
[debug] [2026-09-07T20:30:48.348Z] <<< [apiv2][status] POST https://upload-firebasehosting.googleapis.com/upload/sites/formacaosetelagoaspolitica/versions/e31fb1071de8528e/files/219c165aaa8b627c63dfb5bf8e5485c743ef2418142871fbbf69747fe0d8a511 200
[debug] [2026-09-07T20:30:48.348Z] <<< [apiv2][body] POST https://upload-firebasehosting.googleapis.com/upload/sites/formacaosetelagoaspolitica/versions/e31fb1071de8528e/files/219c165aaa8b627c63dfb5bf8e5485c743ef2418142871fbbf69747fe0d8a511 [stream]
[debug] [2026-09-07T20:30:48.349Z] <<< [apiv2][status] POST https://upload-firebasehosting.googleapis.com/upload/sites/formacaosetelagoaspolitica/versions/e31fb1071de8528e/files/7b472e45cb355adbbf2910efeabd8b9a27a26c322bb6df141b60ed6bcdd96036 200
[debug] [2026-09-07T20:30:48.349Z] <<< [apiv2][body] POST https://upload-firebasehosting.googleapis.com/upload/sites/formacaosetelagoaspolitica/versions/e31fb1071de8528e/files/7b472e45cb355adbbf2910efeabd8b9a27a26c322bb6df141b60ed6bcdd96036 [stream]
[debug] [2026-09-07T20:30:48.374Z] <<< [apiv2][status] POST https://upload-firebasehosting.googleapis.com/upload/sites/formacaosetelagoaspolitica/versions/e31fb1071de8528e/files/fd5b478a4ecc34164c02dffa6762b4719397a500fe841d63242e2e16ab218523 200
[debug] [2026-09-07T20:30:48.374Z] <<< [apiv2][body] POST https://upload-firebasehosting.googleapis.com/upload/sites/formacaosetelagoaspolitica/versions/e31fb1071de8528e/files/fd5b478a4ecc34164c02dffa6762b4719397a500fe841d63242e2e16ab218523 [stream]
[debug] [2026-09-07T20:30:48.374Z] <<< [apiv2][status] POST https://upload-firebasehosting.googleapis.com/upload/sites/formacaosetelagoaspolitica/versions/e31fb1071de8528e/files/85aec6cb825ab54714baab1a14b0a971f3b47b2c8dbe82de9789b6a0d58fca64 200
[debug] [2026-09-07T20:30:48.374Z] <<< [apiv2][body] POST https://upload-firebasehosting.googleapis.com/upload/sites/formacaosetelagoaspolitica/versions/e31fb1071de8528e/files/85aec6cb825ab54714baab1a14b0a971f3b47b2c8dbe82de9789b6a0d58fca64 [stream]
[debug] [2026-09-07T20:30:48.375Z] <<< [apiv2][status] POST https://upload-firebasehosting.googleapis.com/upload/sites/formacaosetelagoaspolitica/versions/e31fb1071de8528e/files/fd71748d1fa9f977990bf47a6ece9aaa4fff6a044ad877f3851e27279aaf3498 200
[debug] [2026-09-07T20:30:48.375Z] <<< [apiv2][body] POST https://upload-firebasehosting.googleapis.com/upload/sites/formacaosetelagoaspolitica/versions/e31fb1071de8528e/files/fd71748d1fa9f977990bf47a6ece9aaa4fff6a044ad877f3851e27279aaf3498 [stream]
[debug] [2026-09-07T20:30:48.375Z] <<< [apiv2][status] POST https://upload-firebasehosting.googleapis.com/upload/sites/formacaosetelagoaspolitica/versions/e31fb1071de8528e/files/0ad71f277a9f489591c00996dfb3261cabd6f8173a274acc3623c8e3fe6be6d7 200
[debug] [2026-09-07T20:30:48.375Z] <<< [apiv2][body] POST https://upload-firebasehosting.googleapis.com/upload/sites/formacaosetelagoaspolitica/versions/e31fb1071de8528e/files/0ad71f277a9f489591c00996dfb3261cabd6f8173a274acc3623c8e3fe6be6d7 [stream]
[debug] [2026-09-07T20:30:48.376Z] <<< [apiv2][status] POST https://upload-firebasehosting.googleapis.com/upload/sites/formacaosetelagoaspolitica/versions/e31fb1071de8528e/files/6f76d0d17964fee99d8a5c85833d62ddfe02e28fe22779acda1ccf6bd3494dc5 200
[debug] [2026-09-07T20:30:48.376Z] <<< [apiv2][body] POST https://upload-firebasehosting.googleapis.com/upload/sites/formacaosetelagoaspolitica/versions/e31fb1071de8528e/files/6f76d0d17964fee99d8a5c85833d62ddfe02e28fe22779acda1ccf6bd3494dc5 [stream]
[debug] [2026-09-07T20:30:48.380Z] <<< [apiv2][status] POST https://upload-firebasehosting.googleapis.com/upload/sites/formacaosetelagoaspolitica/versions/e31fb1071de8528e/files/a826e94192017b07149249a669e5f821f158c0067e324a0966f453e135d0300b 200
[debug] [2026-09-07T20:30:48.381Z] <<< [apiv2][body] POST https://upload-firebasehosting.googleapis.com/upload/sites/formacaosetelagoaspolitica/versions/e31fb1071de8528e/files/a826e94192017b07149249a669e5f821f158c0067e324a0966f453e135d0300b [stream]
[debug] [2026-09-07T20:30:48.382Z] <<< [apiv2][status] POST https://upload-firebasehosting.googleapis.com/upload/sites/formacaosetelagoaspolitica/versions/e31fb1071de8528e/files/173a2145123f2e169bf400a49852f931acf2e022ca138608a70a8a71061501f2 200
[debug] [2026-09-07T20:30:48.382Z] <<< [apiv2][body] POST https://upload-firebasehosting.googleapis.com/upload/sites/formacaosetelagoaspolitica/versions/e31fb1071de8528e/files/173a2145123f2e169bf400a49852f931acf2e022ca138608a70a8a71061501f2 [stream]
[debug] [2026-09-07T20:30:48.388Z] <<< [apiv2][status] POST https://upload-firebasehosting.googleapis.com/upload/sites/formacaosetelagoaspolitica/versions/e31fb1071de8528e/files/9be615281aa5a23aa8861dde42ad62826e659bc1d86da3b78956af80536fe65f 200
[debug] [2026-09-07T20:30:48.388Z] <<< [apiv2][body] POST https://upload-firebasehosting.googleapis.com/upload/sites/formacaosetelagoaspolitica/versions/e31fb1071de8528e/files/9be615281aa5a23aa8861dde42ad62826e659bc1d86da3b78956af80536fe65f [stream]
[debug] [2026-09-07T20:30:48.404Z] <<< [apiv2][status] POST https://upload-firebasehosting.googleapis.com/upload/sites/formacaosetelagoaspolitica/versions/e31fb1071de8528e/files/f61f27bd17de546264aa58f40f3aafaac7021e0ef69c17f6b1b4cd7664a037ec 200
[debug] [2026-09-07T20:30:48.404Z] <<< [apiv2][body] POST https://upload-firebasehosting.googleapis.com/upload/sites/formacaosetelagoaspolitica/versions/e31fb1071de8528e/files/f61f27bd17de546264aa58f40f3aafaac7021e0ef69c17f6b1b4cd7664a037ec [stream]
[debug] [2026-09-07T20:30:48.404Z] <<< [apiv2][status] POST https://upload-firebasehosting.googleapis.com/upload/sites/formacaosetelagoaspolitica/versions/e31fb1071de8528e/files/2d8bfc21d7dc6ebd20a2cd76adf64596fe55766cb3047eafd03ed1725549a7ef 200
[debug] [2026-09-07T20:30:48.404Z] <<< [apiv2][body] POST https://upload-firebasehosting.googleapis.com/upload/sites/formacaosetelagoaspolitica/versions/e31fb1071de8528e/files/2d8bfc21d7dc6ebd20a2cd76adf64596fe55766cb3047eafd03ed1725549a7ef [stream]
[debug] [2026-09-07T20:30:48.405Z] <<< [apiv2][status] POST https://upload-firebasehosting.googleapis.com/upload/sites/formacaosetelagoaspolitica/versions/e31fb1071de8528e/files/d2772abfbfac1eeaa34799f0ad840dde66d30e4b4bf18d534e92a233a426c201 200
[debug] [2026-09-07T20:30:48.405Z] <<< [apiv2][body] POST https://upload-firebasehosting.googleapis.com/upload/sites/formacaosetelagoaspolitica/versions/e31fb1071de8528e/files/d2772abfbfac1eeaa34799f0ad840dde66d30e4b4bf18d534e92a233a426c201 [stream]
[debug] [2026-09-07T20:30:48.425Z] <<< [apiv2][status] POST https://upload-firebasehosting.googleapis.com/upload/sites/formacaosetelagoaspolitica/versions/e31fb1071de8528e/files/ea6bb9f5e46fb4e185c133cc78c22a277e4a835ac1076195840e7f19e5925866 200
[debug] [2026-09-07T20:30:48.425Z] <<< [apiv2][body] POST https://upload-firebasehosting.googleapis.com/upload/sites/formacaosetelagoaspolitica/versions/e31fb1071de8528e/files/ea6bb9f5e46fb4e185c133cc78c22a277e4a835ac1076195840e7f19e5925866 [stream]
[debug] [2026-09-07T20:30:48.426Z] <<< [apiv2][status] POST https://upload-firebasehosting.googleapis.com/upload/sites/formacaosetelagoaspolitica/versions/e31fb1071de8528e/files/87392294ad26a15ad76e4935a080002fd19e36b679dc9b5a86bfadc3892b5ed2 200
[debug] [2026-09-07T20:30:48.426Z] <<< [apiv2][body] POST https://upload-firebasehosting.googleapis.com/upload/sites/formacaosetelagoaspolitica/versions/e31fb1071de8528e/files/87392294ad26a15ad76e4935a080002fd19e36b679dc9b5a86bfadc3892b5ed2 [stream]
[debug] [2026-09-07T20:30:48.437Z] <<< [apiv2][status] POST https://upload-firebasehosting.googleapis.com/upload/sites/formacaosetelagoaspolitica/versions/e31fb1071de8528e/files/b55b87c7a4e83822e14380802eee916decb4d6ba500b14347b6200d8a5c0f425 200
[debug] [2026-09-07T20:30:48.437Z] <<< [apiv2][body] POST https://upload-firebasehosting.googleapis.com/upload/sites/formacaosetelagoaspolitica/versions/e31fb1071de8528e/files/b55b87c7a4e83822e14380802eee916decb4d6ba500b14347b6200d8a5c0f425 [stream]
[debug] [2026-09-07T20:30:48.438Z] <<< [apiv2][status] POST https://upload-firebasehosting.googleapis.com/upload/sites/formacaosetelagoaspolitica/versions/e31fb1071de8528e/files/4e8e0baaca060c0aa2eab9d208919487a1766d9db9cf4c77522766633d0b6f7c 200
[debug] [2026-09-07T20:30:48.438Z] <<< [apiv2][body] POST https://upload-firebasehosting.googleapis.com/upload/sites/formacaosetelagoaspolitica/versions/e31fb1071de8528e/files/4e8e0baaca060c0aa2eab9d208919487a1766d9db9cf4c77522766633d0b6f7c [stream]
[debug] [2026-09-07T20:30:48.438Z] <<< [apiv2][status] POST https://upload-firebasehosting.googleapis.com/upload/sites/formacaosetelagoaspolitica/versions/e31fb1071de8528e/files/870dc18f471d0cdcc4e7c4e075192743b284be5a15c37829131af70159f9f5cf 200
[debug] [2026-09-07T20:30:48.438Z] <<< [apiv2][body] POST https://upload-firebasehosting.googleapis.com/upload/sites/formacaosetelagoaspolitica/versions/e31fb1071de8528e/files/870dc18f471d0cdcc4e7c4e075192743b284be5a15c37829131af70159f9f5cf [stream]
[debug] [2026-09-07T20:30:48.438Z] <<< [apiv2][status] POST https://upload-firebasehosting.googleapis.com/upload/sites/formacaosetelagoaspolitica/versions/e31fb1071de8528e/files/20e2d1a9dff342f74eb0da07cc9666cbd2a9fe87fc0b63a829a7a1ff8925c3e1 200
[debug] [2026-09-07T20:30:48.439Z] <<< [apiv2][body] POST https://upload-firebasehosting.googleapis.com/upload/sites/formacaosetelagoaspolitica/versions/e31fb1071de8528e/files/20e2d1a9dff342f74eb0da07cc9666cbd2a9fe87fc0b63a829a7a1ff8925c3e1 [stream]
[debug] [2026-09-07T20:30:48.439Z] <<< [apiv2][status] POST https://upload-firebasehosting.googleapis.com/upload/sites/formacaosetelagoaspolitica/versions/e31fb1071de8528e/files/6181970f7a398e90e344d056ad502b4b4e5b5678648e61704b78de042828bfb9 200
[debug] [2026-09-07T20:30:48.439Z] <<< [apiv2][body] POST https://upload-firebasehosting.googleapis.com/upload/sites/formacaosetelagoaspolitica/versions/e31fb1071de8528e/files/6181970f7a398e90e344d056ad502b4b4e5b5678648e61704b78de042828bfb9 [stream]
[debug] [2026-09-07T20:30:48.439Z] <<< [apiv2][status] POST https://upload-firebasehosting.googleapis.com/upload/sites/formacaosetelagoaspolitica/versions/e31fb1071de8528e/files/3ae14033910807d9790c86415247afe48c4e88546cffe65c964e35739c0073ba 200
[debug] [2026-09-07T20:30:48.439Z] <<< [apiv2][body] POST https://upload-firebasehosting.googleapis.com/upload/sites/formacaosetelagoaspolitica/versions/e31fb1071de8528e/files/3ae14033910807d9790c86415247afe48c4e88546cffe65c964e35739c0073ba [stream]
[debug] [2026-09-07T20:30:48.443Z] <<< [apiv2][status] POST https://upload-firebasehosting.googleapis.com/upload/sites/formacaosetelagoaspolitica/versions/e31fb1071de8528e/files/f82404beae69b44889301f9d317a50eb02be0de1a46bdc9d5ca967f609aced3b 200
[debug] [2026-09-07T20:30:48.443Z] <<< [apiv2][body] POST https://upload-firebasehosting.googleapis.com/upload/sites/formacaosetelagoaspolitica/versions/e31fb1071de8528e/files/f82404beae69b44889301f9d317a50eb02be0de1a46bdc9d5ca967f609aced3b [stream]
[debug] [2026-09-07T20:30:48.443Z] <<< [apiv2][status] POST https://upload-firebasehosting.googleapis.com/upload/sites/formacaosetelagoaspolitica/versions/e31fb1071de8528e/files/0f9fd19059f2518b3a5493b8aeabf2a52ea70b3f7c58d8ae2a7c4b1d9b3861fa 200
[debug] [2026-09-07T20:30:48.443Z] <<< [apiv2][body] POST https://upload-firebasehosting.googleapis.com/upload/sites/formacaosetelagoaspolitica/versions/e31fb1071de8528e/files/0f9fd19059f2518b3a5493b8aeabf2a52ea70b3f7c58d8ae2a7c4b1d9b3861fa [stream]
[debug] [2026-09-07T20:30:48.456Z] <<< [apiv2][status] POST https://upload-firebasehosting.googleapis.com/upload/sites/formacaosetelagoaspolitica/versions/e31fb1071de8528e/files/791253db1313bc3ef670178bc27178e5defd3cbca19229de28129786521f7a2d 200
[debug] [2026-09-07T20:30:48.457Z] <<< [apiv2][body] POST https://upload-firebasehosting.googleapis.com/upload/sites/formacaosetelagoaspolitica/versions/e31fb1071de8528e/files/791253db1313bc3ef670178bc27178e5defd3cbca19229de28129786521f7a2d [stream]
[debug] [2026-09-07T20:30:48.471Z] <<< [apiv2][status] POST https://upload-firebasehosting.googleapis.com/upload/sites/formacaosetelagoaspolitica/versions/e31fb1071de8528e/files/c2e6de548eee3869d069fddcc71627b25c6c2dfbb899c13460e2b64520dd4d5f 200
[debug] [2026-09-07T20:30:48.471Z] <<< [apiv2][body] POST https://upload-firebasehosting.googleapis.com/upload/sites/formacaosetelagoaspolitica/versions/e31fb1071de8528e/files/c2e6de548eee3869d069fddcc71627b25c6c2dfbb899c13460e2b64520dd4d5f [stream]
[debug] [2026-09-07T20:30:48.471Z] <<< [apiv2][status] POST https://upload-firebasehosting.googleapis.com/upload/sites/formacaosetelagoaspolitica/versions/e31fb1071de8528e/files/f2fab98bb43d4c113bf0c9699e8ad650705ec6d939b892bb3e4c4a7f5d87e4a2 200
[debug] [2026-09-07T20:30:48.471Z] <<< [apiv2][body] POST https://upload-firebasehosting.googleapis.com/upload/sites/formacaosetelagoaspolitica/versions/e31fb1071de8528e/files/f2fab98bb43d4c113bf0c9699e8ad650705ec6d939b892bb3e4c4a7f5d87e4a2 [stream]
[debug] [2026-09-07T20:30:48.472Z] <<< [apiv2][status] POST https://upload-firebasehosting.googleapis.com/upload/sites/formacaosetelagoaspolitica/versions/e31fb1071de8528e/files/e103341dd3b62215f65bb668f6f745a542f480a52d88efb8a9410294270bf82e 200
[debug] [2026-09-07T20:30:48.472Z] <<< [apiv2][body] POST https://upload-firebasehosting.googleapis.com/upload/sites/formacaosetelagoaspolitica/versions/e31fb1071de8528e/files/e103341dd3b62215f65bb668f6f745a542f480a52d88efb8a9410294270bf82e [stream]
[debug] [2026-09-07T20:30:48.472Z] <<< [apiv2][status] POST https://upload-firebasehosting.googleapis.com/upload/sites/formacaosetelagoaspolitica/versions/e31fb1071de8528e/files/1f14a95c264605ce529e4beb63f66621e8940ccf9a0fb44a43ef2753f19a798c 200
[debug] [2026-09-07T20:30:48.472Z] <<< [apiv2][body] POST https://upload-firebasehosting.googleapis.com/upload/sites/formacaosetelagoaspolitica/versions/e31fb1071de8528e/files/1f14a95c264605ce529e4beb63f66621e8940ccf9a0fb44a43ef2753f19a798c [stream]
[debug] [2026-09-07T20:30:48.472Z] <<< [apiv2][status] POST https://upload-firebasehosting.googleapis.com/upload/sites/formacaosetelagoaspolitica/versions/e31fb1071de8528e/files/4c83b5a10ad9f09695af4942f2dcf5bf82816d2de56c9c5fdd5cabb47b84b1d9 200
[debug] [2026-09-07T20:30:48.472Z] <<< [apiv2][body] POST https://upload-firebasehosting.googleapis.com/upload/sites/formacaosetelagoaspolitica/versions/e31fb1071de8528e/files/4c83b5a10ad9f09695af4942f2dcf5bf82816d2de56c9c5fdd5cabb47b84b1d9 [stream]
[debug] [2026-09-07T20:30:48.478Z] <<< [apiv2][status] POST https://upload-firebasehosting.googleapis.com/upload/sites/formacaosetelagoaspolitica/versions/e31fb1071de8528e/files/cd453a4b02c222827ee3c4a3f08dc4ab890f981ad033171ab86bec319afe0608 200
[debug] [2026-09-07T20:30:48.479Z] <<< [apiv2][body] POST https://upload-firebasehosting.googleapis.com/upload/sites/formacaosetelagoaspolitica/versions/e31fb1071de8528e/files/cd453a4b02c222827ee3c4a3f08dc4ab890f981ad033171ab86bec319afe0608 [stream]
[debug] [2026-09-07T20:30:48.479Z] <<< [apiv2][status] POST https://upload-firebasehosting.googleapis.com/upload/sites/formacaosetelagoaspolitica/versions/e31fb1071de8528e/files/29aff5146eca1ec73def2204a8fe4802b2fa4584d63becbddab0a531db3622e7 200
[debug] [2026-09-07T20:30:48.479Z] <<< [apiv2][body] POST https://upload-firebasehosting.googleapis.com/upload/sites/formacaosetelagoaspolitica/versions/e31fb1071de8528e/files/29aff5146eca1ec73def2204a8fe4802b2fa4584d63becbddab0a531db3622e7 [stream]
[debug] [2026-09-07T20:30:48.499Z] <<< [apiv2][status] POST https://upload-firebasehosting.googleapis.com/upload/sites/formacaosetelagoaspolitica/versions/e31fb1071de8528e/files/115fca66c245f95dae2c0a115045e9a1584730d1d0377a266fc6692a4443c6ad 200
[debug] [2026-09-07T20:30:48.499Z] <<< [apiv2][body] POST https://upload-firebasehosting.googleapis.com/upload/sites/formacaosetelagoaspolitica/versions/e31fb1071de8528e/files/115fca66c245f95dae2c0a115045e9a1584730d1d0377a266fc6692a4443c6ad [stream]
[debug] [2026-09-07T20:30:48.499Z] <<< [apiv2][status] POST https://upload-firebasehosting.googleapis.com/upload/sites/formacaosetelagoaspolitica/versions/e31fb1071de8528e/files/3c3bc786b827846421ab9b40b84b246e195a087088bafb69c41757e8e5f2b36d 200
[debug] [2026-09-07T20:30:48.499Z] <<< [apiv2][body] POST https://upload-firebasehosting.googleapis.com/upload/sites/formacaosetelagoaspolitica/versions/e31fb1071de8528e/files/3c3bc786b827846421ab9b40b84b246e195a087088bafb69c41757e8e5f2b36d [stream]
[debug] [2026-09-07T20:30:48.524Z] <<< [apiv2][status] POST https://upload-firebasehosting.googleapis.com/upload/sites/formacaosetelagoaspolitica/versions/e31fb1071de8528e/files/54ec68bd51ff1a440b4a7daf7ada93f4e85e4fabbdbe7d3615f94440d1e6a5da 200
[debug] [2026-09-07T20:30:48.524Z] <<< [apiv2][body] POST https://upload-firebasehosting.googleapis.com/upload/sites/formacaosetelagoaspolitica/versions/e31fb1071de8528e/files/54ec68bd51ff1a440b4a7daf7ada93f4e85e4fabbdbe7d3615f94440d1e6a5da [stream]
[debug] [2026-09-07T20:30:48.525Z] <<< [apiv2][status] POST https://upload-firebasehosting.googleapis.com/upload/sites/formacaosetelagoaspolitica/versions/e31fb1071de8528e/files/d9bba07de6bb216b05a73f5621d4ec1eec07e6ed909c004b73a0626930a1fb36 200
[debug] [2026-09-07T20:30:48.525Z] <<< [apiv2][body] POST https://upload-firebasehosting.googleapis.com/upload/sites/formacaosetelagoaspolitica/versions/e31fb1071de8528e/files/d9bba07de6bb216b05a73f5621d4ec1eec07e6ed909c004b73a0626930a1fb36 [stream]
[debug] [2026-09-07T20:30:48.525Z] <<< [apiv2][status] POST https://upload-firebasehosting.googleapis.com/upload/sites/formacaosetelagoaspolitica/versions/e31fb1071de8528e/files/809af8dbb3562da8a4e9b3e4b3778430ad2cb6b8e7777145feed4c2980fcaca8 200
[debug] [2026-09-07T20:30:48.525Z] <<< [apiv2][body] POST https://upload-firebasehosting.googleapis.com/upload/sites/formacaosetelagoaspolitica/versions/e31fb1071de8528e/files/809af8dbb3562da8a4e9b3e4b3778430ad2cb6b8e7777145feed4c2980fcaca8 [stream]
[debug] [2026-09-07T20:30:48.526Z] <<< [apiv2][status] POST https://upload-firebasehosting.googleapis.com/upload/sites/formacaosetelagoaspolitica/versions/e31fb1071de8528e/files/f5c9e52a89376ec6919f3e65580b824e7b4221386f9cfb889f0ff4a939e4eca5 200
[debug] [2026-09-07T20:30:48.526Z] <<< [apiv2][body] POST https://upload-firebasehosting.googleapis.com/upload/sites/formacaosetelagoaspolitica/versions/e31fb1071de8528e/files/f5c9e52a89376ec6919f3e65580b824e7b4221386f9cfb889f0ff4a939e4eca5 [stream]
[debug] [2026-09-07T20:30:48.532Z] <<< [apiv2][status] POST https://upload-firebasehosting.googleapis.com/upload/sites/formacaosetelagoaspolitica/versions/e31fb1071de8528e/files/2494370500d745c530076377f3630abb76c1b0e8079028307c6022c76182f7bf 200
[debug] [2026-09-07T20:30:48.532Z] <<< [apiv2][body] POST https://upload-firebasehosting.googleapis.com/upload/sites/formacaosetelagoaspolitica/versions/e31fb1071de8528e/files/2494370500d745c530076377f3630abb76c1b0e8079028307c6022c76182f7bf [stream]
[debug] [2026-09-07T20:30:48.533Z] <<< [apiv2][status] POST https://upload-firebasehosting.googleapis.com/upload/sites/formacaosetelagoaspolitica/versions/e31fb1071de8528e/files/e9eea71a2ee63c907234fdb3ea294cdb08750837980983aa8eabaf7599a0f716 200
[debug] [2026-09-07T20:30:48.533Z] <<< [apiv2][body] POST https://upload-firebasehosting.googleapis.com/upload/sites/formacaosetelagoaspolitica/versions/e31fb1071de8528e/files/e9eea71a2ee63c907234fdb3ea294cdb08750837980983aa8eabaf7599a0f716 [stream]
[debug] [2026-09-07T20:30:48.546Z] <<< [apiv2][status] POST https://upload-firebasehosting.googleapis.com/upload/sites/formacaosetelagoaspolitica/versions/e31fb1071de8528e/files/f91e39cffb27a7aceaf8cc275cc45637e219d530d17ec57b23c52edfe9da7d53 200
[debug] [2026-09-07T20:30:48.546Z] <<< [apiv2][body] POST https://upload-firebasehosting.googleapis.com/upload/sites/formacaosetelagoaspolitica/versions/e31fb1071de8528e/files/f91e39cffb27a7aceaf8cc275cc45637e219d530d17ec57b23c52edfe9da7d53 [stream]
[debug] [2026-09-07T20:30:48.546Z] <<< [apiv2][status] POST https://upload-firebasehosting.googleapis.com/upload/sites/formacaosetelagoaspolitica/versions/e31fb1071de8528e/files/950fac180004c2079a53ef15f39bd0026cb55e96a168d679dae74112b92cee5c 200
[debug] [2026-09-07T20:30:48.546Z] <<< [apiv2][body] POST https://upload-firebasehosting.googleapis.com/upload/sites/formacaosetelagoaspolitica/versions/e31fb1071de8528e/files/950fac180004c2079a53ef15f39bd0026cb55e96a168d679dae74112b92cee5c [stream]
[debug] [2026-09-07T20:30:48.547Z] <<< [apiv2][status] POST https://upload-firebasehosting.googleapis.com/upload/sites/formacaosetelagoaspolitica/versions/e31fb1071de8528e/files/61055de248a798949e51a174ea8f197c7cb9be9dfbd249a62fffad6cf0fa1bd9 200
[debug] [2026-09-07T20:30:48.547Z] <<< [apiv2][body] POST https://upload-firebasehosting.googleapis.com/upload/sites/formacaosetelagoaspolitica/versions/e31fb1071de8528e/files/61055de248a798949e51a174ea8f197c7cb9be9dfbd249a62fffad6cf0fa1bd9 [stream]
[debug] [2026-09-07T20:30:48.547Z] <<< [apiv2][status] POST https://upload-firebasehosting.googleapis.com/upload/sites/formacaosetelagoaspolitica/versions/e31fb1071de8528e/files/fa58ffe4a3a1cca3e46a9a337c57670e03cb40def373ca65561aa61968096d84 200
[debug] [2026-09-07T20:30:48.547Z] <<< [apiv2][body] POST https://upload-firebasehosting.googleapis.com/upload/sites/formacaosetelagoaspolitica/versions/e31fb1071de8528e/files/fa58ffe4a3a1cca3e46a9a337c57670e03cb40def373ca65561aa61968096d84 [stream]
[debug] [2026-09-07T20:30:48.548Z] <<< [apiv2][status] POST https://upload-firebasehosting.googleapis.com/upload/sites/formacaosetelagoaspolitica/versions/e31fb1071de8528e/files/5a8dc05251da6d359a24d4236c11f9d1bff7f1574924557f4386e3390ff064f2 200
[debug] [2026-09-07T20:30:48.548Z] <<< [apiv2][body] POST https://upload-firebasehosting.googleapis.com/upload/sites/formacaosetelagoaspolitica/versions/e31fb1071de8528e/files/5a8dc05251da6d359a24d4236c11f9d1bff7f1574924557f4386e3390ff064f2 [stream]
[debug] [2026-09-07T20:30:48.555Z] <<< [apiv2][status] POST https://upload-firebasehosting.googleapis.com/upload/sites/formacaosetelagoaspolitica/versions/e31fb1071de8528e/files/6d55a2563d9bd108dc78bbda1a3b23b04fd1014c88a4eaa40522c4cce4532e30 200
[debug] [2026-09-07T20:30:48.555Z] <<< [apiv2][body] POST https://upload-firebasehosting.googleapis.com/upload/sites/formacaosetelagoaspolitica/versions/e31fb1071de8528e/files/6d55a2563d9bd108dc78bbda1a3b23b04fd1014c88a4eaa40522c4cce4532e30 [stream]
[debug] [2026-09-07T20:30:48.556Z] <<< [apiv2][status] POST https://upload-firebasehosting.googleapis.com/upload/sites/formacaosetelagoaspolitica/versions/e31fb1071de8528e/files/a52363518f2ff4de7b64063e52f7aea8264fc78e5855a328f7a02e89aaf33f46 200
[debug] [2026-09-07T20:30:48.556Z] <<< [apiv2][body] POST https://upload-firebasehosting.googleapis.com/upload/sites/formacaosetelagoaspolitica/versions/e31fb1071de8528e/files/a52363518f2ff4de7b64063e52f7aea8264fc78e5855a328f7a02e89aaf33f46 [stream]
[debug] [2026-09-07T20:30:48.559Z] <<< [apiv2][status] POST https://upload-firebasehosting.googleapis.com/upload/sites/formacaosetelagoaspolitica/versions/e31fb1071de8528e/files/79f54555a1dd9a7e007fbb86ae988adbc458d1d7ccbcdd7e80694d28d7778ce7 200
[debug] [2026-09-07T20:30:48.559Z] <<< [apiv2][body] POST https://upload-firebasehosting.googleapis.com/upload/sites/formacaosetelagoaspolitica/versions/e31fb1071de8528e/files/79f54555a1dd9a7e007fbb86ae988adbc458d1d7ccbcdd7e80694d28d7778ce7 [stream]
[debug] [2026-09-07T20:30:48.570Z] <<< [apiv2][status] POST https://upload-firebasehosting.googleapis.com/upload/sites/formacaosetelagoaspolitica/versions/e31fb1071de8528e/files/c0b85e8337d18afedb09e73aa4080e2f2b779848f96fcd89b91bce62d92874f6 200
[debug] [2026-09-07T20:30:48.570Z] <<< [apiv2][body] POST https://upload-firebasehosting.googleapis.com/upload/sites/formacaosetelagoaspolitica/versions/e31fb1071de8528e/files/c0b85e8337d18afedb09e73aa4080e2f2b779848f96fcd89b91bce62d92874f6 [stream]
[debug] [2026-09-07T20:30:48.570Z] <<< [apiv2][status] POST https://upload-firebasehosting.googleapis.com/upload/sites/formacaosetelagoaspolitica/versions/e31fb1071de8528e/files/9ae5e8ff45988424f218efef8480110da5fe4838947dfe3046b5142a4404b5b0 200
[debug] [2026-09-07T20:30:48.570Z] <<< [apiv2][body] POST https://upload-firebasehosting.googleapis.com/upload/sites/formacaosetelagoaspolitica/versions/e31fb1071de8528e/files/9ae5e8ff45988424f218efef8480110da5fe4838947dfe3046b5142a4404b5b0 [stream]
[debug] [2026-09-07T20:30:48.573Z] <<< [apiv2][status] POST https://upload-firebasehosting.googleapis.com/upload/sites/formacaosetelagoaspolitica/versions/e31fb1071de8528e/files/b797987cb6696929ebf0a53220a750a6fc41f0ff064727cdd024bd7ec1861329 200
[debug] [2026-09-07T20:30:48.573Z] <<< [apiv2][body] POST https://upload-firebasehosting.googleapis.com/upload/sites/formacaosetelagoaspolitica/versions/e31fb1071de8528e/files/b797987cb6696929ebf0a53220a750a6fc41f0ff064727cdd024bd7ec1861329 [stream]
[debug] [2026-09-07T20:30:48.574Z] <<< [apiv2][status] POST https://upload-firebasehosting.googleapis.com/upload/sites/formacaosetelagoaspolitica/versions/e31fb1071de8528e/files/296fbcb5ba205079658497d0e2d1b0df1b733b6a856edb5c2a8291863f74679b 200
[debug] [2026-09-07T20:30:48.575Z] <<< [apiv2][body] POST https://upload-firebasehosting.googleapis.com/upload/sites/formacaosetelagoaspolitica/versions/e31fb1071de8528e/files/296fbcb5ba205079658497d0e2d1b0df1b733b6a856edb5c2a8291863f74679b [stream]
[debug] [2026-09-07T20:30:48.575Z] <<< [apiv2][status] POST https://upload-firebasehosting.googleapis.com/upload/sites/formacaosetelagoaspolitica/versions/e31fb1071de8528e/files/73a4870b86067ef7665faecc600ccf6f28e81e8a26aea47cf140a612ce065786 200
[debug] [2026-09-07T20:30:48.575Z] <<< [apiv2][body] POST https://upload-firebasehosting.googleapis.com/upload/sites/formacaosetelagoaspolitica/versions/e31fb1071de8528e/files/73a4870b86067ef7665faecc600ccf6f28e81e8a26aea47cf140a612ce065786 [stream]
[debug] [2026-09-07T20:30:48.576Z] <<< [apiv2][status] POST https://upload-firebasehosting.googleapis.com/upload/sites/formacaosetelagoaspolitica/versions/e31fb1071de8528e/files/d378b02f79debfc05d120ee23f3cb8b285a94849be573cd1208ac1906d59dae9 200
[debug] [2026-09-07T20:30:48.576Z] <<< [apiv2][body] POST https://upload-firebasehosting.googleapis.com/upload/sites/formacaosetelagoaspolitica/versions/e31fb1071de8528e/files/d378b02f79debfc05d120ee23f3cb8b285a94849be573cd1208ac1906d59dae9 [stream]
[debug] [2026-09-07T20:30:48.582Z] <<< [apiv2][status] POST https://upload-firebasehosting.googleapis.com/upload/sites/formacaosetelagoaspolitica/versions/e31fb1071de8528e/files/357027b428dc4c0a2a25a972baccce5dd84d35d9d9af00e7d7f97cc342aedda9 200
[debug] [2026-09-07T20:30:48.582Z] <<< [apiv2][body] POST https://upload-firebasehosting.googleapis.com/upload/sites/formacaosetelagoaspolitica/versions/e31fb1071de8528e/files/357027b428dc4c0a2a25a972baccce5dd84d35d9d9af00e7d7f97cc342aedda9 [stream]
[debug] [2026-09-07T20:30:48.583Z] <<< [apiv2][status] POST https://upload-firebasehosting.googleapis.com/upload/sites/formacaosetelagoaspolitica/versions/e31fb1071de8528e/files/64eb8a73356230fd739dea4ac832ae2d36528f2a9ecfabb0f36eba67a71cadce 200
[debug] [2026-09-07T20:30:48.583Z] <<< [apiv2][body] POST https://upload-firebasehosting.googleapis.com/upload/sites/formacaosetelagoaspolitica/versions/e31fb1071de8528e/files/64eb8a73356230fd739dea4ac832ae2d36528f2a9ecfabb0f36eba67a71cadce [stream]
[debug] [2026-09-07T20:30:48.595Z] <<< [apiv2][status] POST https://upload-firebasehosting.googleapis.com/upload/sites/formacaosetelagoaspolitica/versions/e31fb1071de8528e/files/319149a721bda232e16dcc42f8d80314371f6c7613dfa41851835d828050a2a0 200
[debug] [2026-09-07T20:30:48.595Z] <<< [apiv2][body] POST https://upload-firebasehosting.googleapis.com/upload/sites/formacaosetelagoaspolitica/versions/e31fb1071de8528e/files/319149a721bda232e16dcc42f8d80314371f6c7613dfa41851835d828050a2a0 [stream]
[debug] [2026-09-07T20:30:48.596Z] <<< [apiv2][status] POST https://upload-firebasehosting.googleapis.com/upload/sites/formacaosetelagoaspolitica/versions/e31fb1071de8528e/files/353ec08483b0aa9760a50b183b59e9849299f8090720336cc2ff7995774181e1 200
[debug] [2026-09-07T20:30:48.596Z] <<< [apiv2][body] POST https://upload-firebasehosting.googleapis.com/upload/sites/formacaosetelagoaspolitica/versions/e31fb1071de8528e/files/353ec08483b0aa9760a50b183b59e9849299f8090720336cc2ff7995774181e1 [stream]
[debug] [2026-09-07T20:30:48.596Z] <<< [apiv2][status] POST https://upload-firebasehosting.googleapis.com/upload/sites/formacaosetelagoaspolitica/versions/e31fb1071de8528e/files/19029ce3ab4c8cfc34322f0b22d26045c6fa23e94520eda3a49bcd13969332f9 200
[debug] [2026-09-07T20:30:48.596Z] <<< [apiv2][body] POST https://upload-firebasehosting.googleapis.com/upload/sites/formacaosetelagoaspolitica/versions/e31fb1071de8528e/files/19029ce3ab4c8cfc34322f0b22d26045c6fa23e94520eda3a49bcd13969332f9 [stream]
[debug] [2026-09-07T20:30:48.605Z] <<< [apiv2][status] POST https://upload-firebasehosting.googleapis.com/upload/sites/formacaosetelagoaspolitica/versions/e31fb1071de8528e/files/4802dfcf8515b23ee0895fe50b8f85d7700c7fbf5520f5cd81930e2220a8a2cf 200
[debug] [2026-09-07T20:30:48.605Z] <<< [apiv2][body] POST https://upload-firebasehosting.googleapis.com/upload/sites/formacaosetelagoaspolitica/versions/e31fb1071de8528e/files/4802dfcf8515b23ee0895fe50b8f85d7700c7fbf5520f5cd81930e2220a8a2cf [stream]
[debug] [2026-09-07T20:30:48.605Z] <<< [apiv2][status] POST https://upload-firebasehosting.googleapis.com/upload/sites/formacaosetelagoaspolitica/versions/e31fb1071de8528e/files/3023942a8717b97f0fbe5d2bc309b605085dd02e0f9d4b2e5ae2e954ce068fcc 200
[debug] [2026-09-07T20:30:48.605Z] <<< [apiv2][body] POST https://upload-firebasehosting.googleapis.com/upload/sites/formacaosetelagoaspolitica/versions/e31fb1071de8528e/files/3023942a8717b97f0fbe5d2bc309b605085dd02e0f9d4b2e5ae2e954ce068fcc [stream]
[debug] [2026-09-07T20:30:48.607Z] <<< [apiv2][status] POST https://upload-firebasehosting.googleapis.com/upload/sites/formacaosetelagoaspolitica/versions/e31fb1071de8528e/files/6670d1e4074275ae744a2a81e09c84c6a147149509414806ba48676d40fa880c 200
[debug] [2026-09-07T20:30:48.607Z] <<< [apiv2][body] POST https://upload-firebasehosting.googleapis.com/upload/sites/formacaosetelagoaspolitica/versions/e31fb1071de8528e/files/6670d1e4074275ae744a2a81e09c84c6a147149509414806ba48676d40fa880c [stream]
[debug] [2026-09-07T20:30:48.628Z] <<< [apiv2][status] POST https://upload-firebasehosting.googleapis.com/upload/sites/formacaosetelagoaspolitica/versions/e31fb1071de8528e/files/514592f6552b200d213c92e21ffedfd3a73af6f0acffd8a288ec9a37e27c3d10 200
[debug] [2026-09-07T20:30:48.628Z] <<< [apiv2][body] POST https://upload-firebasehosting.googleapis.com/upload/sites/formacaosetelagoaspolitica/versions/e31fb1071de8528e/files/514592f6552b200d213c92e21ffedfd3a73af6f0acffd8a288ec9a37e27c3d10 [stream]
[debug] [2026-09-07T20:30:48.634Z] <<< [apiv2][status] POST https://upload-firebasehosting.googleapis.com/upload/sites/formacaosetelagoaspolitica/versions/e31fb1071de8528e/files/42cfce79fc6b5a3bb69add592ed651f401a69f426a89f09b849bf7f39a4ce63f 200
[debug] [2026-09-07T20:30:48.634Z] <<< [apiv2][body] POST https://upload-firebasehosting.googleapis.com/upload/sites/formacaosetelagoaspolitica/versions/e31fb1071de8528e/files/42cfce79fc6b5a3bb69add592ed651f401a69f426a89f09b849bf7f39a4ce63f [stream]
[debug] [2026-09-07T20:30:48.634Z] <<< [apiv2][status] POST https://upload-firebasehosting.googleapis.com/upload/sites/formacaosetelagoaspolitica/versions/e31fb1071de8528e/files/267ec2f4eb8bc1c2daee65c0e97032f16a6d8affd5fbc3d4ce66ac290978cc4c 200
[debug] [2026-09-07T20:30:48.634Z] <<< [apiv2][body] POST https://upload-firebasehosting.googleapis.com/upload/sites/formacaosetelagoaspolitica/versions/e31fb1071de8528e/files/267ec2f4eb8bc1c2daee65c0e97032f16a6d8affd5fbc3d4ce66ac290978cc4c [stream]
[debug] [2026-09-07T20:30:48.634Z] <<< [apiv2][status] POST https://upload-firebasehosting.googleapis.com/upload/sites/formacaosetelagoaspolitica/versions/e31fb1071de8528e/files/2b8f77d1a83c7128cc2872c2e4315f73006b4c2b7f8d2191c80a24e125f64706 200
[debug] [2026-09-07T20:30:48.634Z] <<< [apiv2][body] POST https://upload-firebasehosting.googleapis.com/upload/sites/formacaosetelagoaspolitica/versions/e31fb1071de8528e/files/2b8f77d1a83c7128cc2872c2e4315f73006b4c2b7f8d2191c80a24e125f64706 [stream]
[debug] [2026-09-07T20:30:48.635Z] <<< [apiv2][status] POST https://upload-firebasehosting.googleapis.com/upload/sites/formacaosetelagoaspolitica/versions/e31fb1071de8528e/files/2db68e48da85700affbf43c9ed2e0bcd2a9efcb236adc1575772f1b53541c7f5 200
[debug] [2026-09-07T20:30:48.635Z] <<< [apiv2][body] POST https://upload-firebasehosting.googleapis.com/upload/sites/formacaosetelagoaspolitica/versions/e31fb1071de8528e/files/2db68e48da85700affbf43c9ed2e0bcd2a9efcb236adc1575772f1b53541c7f5 [stream]
[debug] [2026-09-07T20:30:48.635Z] <<< [apiv2][status] POST https://upload-firebasehosting.googleapis.com/upload/sites/formacaosetelagoaspolitica/versions/e31fb1071de8528e/files/c0c01c0c37d99d78c7e76d6bc0f8c80b24fe95e4ccfba0047c43a71dacd3c463 200
[debug] [2026-09-07T20:30:48.635Z] <<< [apiv2][body] POST https://upload-firebasehosting.googleapis.com/upload/sites/formacaosetelagoaspolitica/versions/e31fb1071de8528e/files/c0c01c0c37d99d78c7e76d6bc0f8c80b24fe95e4ccfba0047c43a71dacd3c463 [stream]
[debug] [2026-09-07T20:30:48.671Z] <<< [apiv2][status] POST https://upload-firebasehosting.googleapis.com/upload/sites/formacaosetelagoaspolitica/versions/e31fb1071de8528e/files/f1197a09b6c5a2c6cb4137cd2711b4b34ae85b56da2856bc3eba3cf1964d7a15 200
[debug] [2026-09-07T20:30:48.671Z] <<< [apiv2][body] POST https://upload-firebasehosting.googleapis.com/upload/sites/formacaosetelagoaspolitica/versions/e31fb1071de8528e/files/f1197a09b6c5a2c6cb4137cd2711b4b34ae85b56da2856bc3eba3cf1964d7a15 [stream]
[debug] [2026-09-07T20:30:48.671Z] <<< [apiv2][status] POST https://upload-firebasehosting.googleapis.com/upload/sites/formacaosetelagoaspolitica/versions/e31fb1071de8528e/files/80712a5d82f179b216a0fe2ba8772a65edc4d962e0c14dff315ff24cdbbdd83f 200
[debug] [2026-09-07T20:30:48.671Z] <<< [apiv2][body] POST https://upload-firebasehosting.googleapis.com/upload/sites/formacaosetelagoaspolitica/versions/e31fb1071de8528e/files/80712a5d82f179b216a0fe2ba8772a65edc4d962e0c14dff315ff24cdbbdd83f [stream]
[debug] [2026-09-07T20:30:48.671Z] <<< [apiv2][status] POST https://upload-firebasehosting.googleapis.com/upload/sites/formacaosetelagoaspolitica/versions/e31fb1071de8528e/files/4d9450dae6f26fbfdf7c9287cb103d2623273806dd45a115422fd47464dcabc7 200
[debug] [2026-09-07T20:30:48.671Z] <<< [apiv2][body] POST https://upload-firebasehosting.googleapis.com/upload/sites/formacaosetelagoaspolitica/versions/e31fb1071de8528e/files/4d9450dae6f26fbfdf7c9287cb103d2623273806dd45a115422fd47464dcabc7 [stream]
[debug] [2026-09-07T20:30:48.692Z] <<< [apiv2][status] POST https://upload-firebasehosting.googleapis.com/upload/sites/formacaosetelagoaspolitica/versions/e31fb1071de8528e/files/ad5a830dd5cf964d59e4205eb677a0032f2ee566efcf8baf91c93d24a6db81b7 200
[debug] [2026-09-07T20:30:48.692Z] <<< [apiv2][body] POST https://upload-firebasehosting.googleapis.com/upload/sites/formacaosetelagoaspolitica/versions/e31fb1071de8528e/files/ad5a830dd5cf964d59e4205eb677a0032f2ee566efcf8baf91c93d24a6db81b7 [stream]
[debug] [2026-09-07T20:30:48.692Z] <<< [apiv2][status] POST https://upload-firebasehosting.googleapis.com/upload/sites/formacaosetelagoaspolitica/versions/e31fb1071de8528e/files/681fbc22dbdfd6432a1e6c83a2413af1d8ed9f1dae9e4db9aa28cff4ff7743cf 200
[debug] [2026-09-07T20:30:48.692Z] <<< [apiv2][body] POST https://upload-firebasehosting.googleapis.com/upload/sites/formacaosetelagoaspolitica/versions/e31fb1071de8528e/files/681fbc22dbdfd6432a1e6c83a2413af1d8ed9f1dae9e4db9aa28cff4ff7743cf [stream]
[debug] [2026-09-07T20:30:48.707Z] <<< [apiv2][status] POST https://upload-firebasehosting.googleapis.com/upload/sites/formacaosetelagoaspolitica/versions/e31fb1071de8528e/files/c14e10d37bc04a45ff8a5669e240eef7bd5971cdac1a0cc727bd845b78f563cb 200
[debug] [2026-09-07T20:30:48.707Z] <<< [apiv2][body] POST https://upload-firebasehosting.googleapis.com/upload/sites/formacaosetelagoaspolitica/versions/e31fb1071de8528e/files/c14e10d37bc04a45ff8a5669e240eef7bd5971cdac1a0cc727bd845b78f563cb [stream]
[debug] [2026-09-07T20:30:48.734Z] <<< [apiv2][status] POST https://upload-firebasehosting.googleapis.com/upload/sites/formacaosetelagoaspolitica/versions/e31fb1071de8528e/files/ddaae9d82b7b7007e75c988152e5e3c25594ead853da077df7a9a138d92fe2df 200
[debug] [2026-09-07T20:30:48.735Z] <<< [apiv2][body] POST https://upload-firebasehosting.googleapis.com/upload/sites/formacaosetelagoaspolitica/versions/e31fb1071de8528e/files/ddaae9d82b7b7007e75c988152e5e3c25594ead853da077df7a9a138d92fe2df [stream]
[debug] [2026-09-07T20:30:48.735Z] <<< [apiv2][status] POST https://upload-firebasehosting.googleapis.com/upload/sites/formacaosetelagoaspolitica/versions/e31fb1071de8528e/files/a0f94585d03418398e2181bc8c0b34cf517bcd5492abfd523d094091b5dc750e 200
[debug] [2026-09-07T20:30:48.735Z] <<< [apiv2][body] POST https://upload-firebasehosting.googleapis.com/upload/sites/formacaosetelagoaspolitica/versions/e31fb1071de8528e/files/a0f94585d03418398e2181bc8c0b34cf517bcd5492abfd523d094091b5dc750e [stream]
[debug] [2026-09-07T20:30:48.747Z] <<< [apiv2][status] POST https://upload-firebasehosting.googleapis.com/upload/sites/formacaosetelagoaspolitica/versions/e31fb1071de8528e/files/a7bfe70ea9af3a0f695b23ffe28e260a0b64c9af04626e08428ee4c93ae5f7b4 200
[debug] [2026-09-07T20:30:48.747Z] <<< [apiv2][body] POST https://upload-firebasehosting.googleapis.com/upload/sites/formacaosetelagoaspolitica/versions/e31fb1071de8528e/files/a7bfe70ea9af3a0f695b23ffe28e260a0b64c9af04626e08428ee4c93ae5f7b4 [stream]
[debug] [2026-09-07T20:30:48.748Z] <<< [apiv2][status] POST https://upload-firebasehosting.googleapis.com/upload/sites/formacaosetelagoaspolitica/versions/e31fb1071de8528e/files/3574b84e3e5fc0f594aa07419a970b696eb80d92f0a16f382611b2312e1cc807 200
[debug] [2026-09-07T20:30:48.748Z] <<< [apiv2][body] POST https://upload-firebasehosting.googleapis.com/upload/sites/formacaosetelagoaspolitica/versions/e31fb1071de8528e/files/3574b84e3e5fc0f594aa07419a970b696eb80d92f0a16f382611b2312e1cc807 [stream]
[debug] [2026-09-07T20:30:48.775Z] <<< [apiv2][status] POST https://upload-firebasehosting.googleapis.com/upload/sites/formacaosetelagoaspolitica/versions/e31fb1071de8528e/files/bf455bc2530c070dc8ef736bbc6dfbd6440da1d474b6fedc6b0c23d3ea9798c5 200
[debug] [2026-09-07T20:30:48.775Z] <<< [apiv2][body] POST https://upload-firebasehosting.googleapis.com/upload/sites/formacaosetelagoaspolitica/versions/e31fb1071de8528e/files/bf455bc2530c070dc8ef736bbc6dfbd6440da1d474b6fedc6b0c23d3ea9798c5 [stream]
[debug] [2026-09-07T20:30:48.775Z] <<< [apiv2][status] POST https://upload-firebasehosting.googleapis.com/upload/sites/formacaosetelagoaspolitica/versions/e31fb1071de8528e/files/226910e2e214b2b34a1581f663266917bb7b22c76bf9016c2a4a2cbe2c6f4a7e 200
[debug] [2026-09-07T20:30:48.775Z] <<< [apiv2][body] POST https://upload-firebasehosting.googleapis.com/upload/sites/formacaosetelagoaspolitica/versions/e31fb1071de8528e/files/226910e2e214b2b34a1581f663266917bb7b22c76bf9016c2a4a2cbe2c6f4a7e [stream]
[debug] [2026-09-07T20:30:48.779Z] <<< [apiv2][status] POST https://upload-firebasehosting.googleapis.com/upload/sites/formacaosetelagoaspolitica/versions/e31fb1071de8528e/files/9d4d2c7a9d3943a2cf77550b8b461b27fcab545e88427d9a468d03dc96a7eca7 200
[debug] [2026-09-07T20:30:48.779Z] <<< [apiv2][body] POST https://upload-firebasehosting.googleapis.com/upload/sites/formacaosetelagoaspolitica/versions/e31fb1071de8528e/files/9d4d2c7a9d3943a2cf77550b8b461b27fcab545e88427d9a468d03dc96a7eca7 [stream]
[debug] [2026-09-07T20:30:48.801Z] <<< [apiv2][status] POST https://upload-firebasehosting.googleapis.com/upload/sites/formacaosetelagoaspolitica/versions/e31fb1071de8528e/files/f00894478cc66729877583cdeee731cd80a8e70f4db029f5ad399c885de4c230 200
[debug] [2026-09-07T20:30:48.801Z] <<< [apiv2][body] POST https://upload-firebasehosting.googleapis.com/upload/sites/formacaosetelagoaspolitica/versions/e31fb1071de8528e/files/f00894478cc66729877583cdeee731cd80a8e70f4db029f5ad399c885de4c230 [stream]
[debug] [2026-09-07T20:30:48.882Z] <<< [apiv2][status] POST https://upload-firebasehosting.googleapis.com/upload/sites/formacaosetelagoaspolitica/versions/e31fb1071de8528e/files/a1e9d8027a8db79061d87eb5bee8bb0098560c4825b5d38e7c722c910014084a 200
[debug] [2026-09-07T20:30:48.883Z] <<< [apiv2][body] POST https://upload-firebasehosting.googleapis.com/upload/sites/formacaosetelagoaspolitica/versions/e31fb1071de8528e/files/a1e9d8027a8db79061d87eb5bee8bb0098560c4825b5d38e7c722c910014084a [stream]
[debug] [2026-09-07T20:30:48.910Z] <<< [apiv2][status] POST https://upload-firebasehosting.googleapis.com/upload/sites/formacaosetelagoaspolitica/versions/e31fb1071de8528e/files/d92d7fd9466fe8c95915bacaaf8afef6c859d4c18c34bd2cca74a5a9d1fb0744 200
[debug] [2026-09-07T20:30:48.911Z] <<< [apiv2][body] POST https://upload-firebasehosting.googleapis.com/upload/sites/formacaosetelagoaspolitica/versions/e31fb1071de8528e/files/d92d7fd9466fe8c95915bacaaf8afef6c859d4c18c34bd2cca74a5a9d1fb0744 [stream]
[debug] [2026-09-07T20:30:48.934Z] <<< [apiv2][status] POST https://upload-firebasehosting.googleapis.com/upload/sites/formacaosetelagoaspolitica/versions/e31fb1071de8528e/files/1260ff149c05525c3112ca8f870b182425d678ae52f3bcbb838daee07e65b822 200
[debug] [2026-09-07T20:30:48.935Z] <<< [apiv2][body] POST https://upload-firebasehosting.googleapis.com/upload/sites/formacaosetelagoaspolitica/versions/e31fb1071de8528e/files/1260ff149c05525c3112ca8f870b182425d678ae52f3bcbb838daee07e65b822 [stream]
[debug] [2026-09-07T20:30:48.964Z] <<< [apiv2][status] POST https://upload-firebasehosting.googleapis.com/upload/sites/formacaosetelagoaspolitica/versions/e31fb1071de8528e/files/df48036a96704dcea1bd9a1bcb3dc4ecf1e568d0ee7db20845ee7453493ea083 200
[debug] [2026-09-07T20:30:48.964Z] <<< [apiv2][body] POST https://upload-firebasehosting.googleapis.com/upload/sites/formacaosetelagoaspolitica/versions/e31fb1071de8528e/files/df48036a96704dcea1bd9a1bcb3dc4ecf1e568d0ee7db20845ee7453493ea083 [stream]
[debug] [2026-09-07T20:30:49.009Z] <<< [apiv2][status] POST https://upload-firebasehosting.googleapis.com/upload/sites/formacaosetelagoaspolitica/versions/e31fb1071de8528e/files/ca02c08ab1edf8ac6947797d15a1925e6fc997a5fceb790c5d47e85952093bc5 200
[debug] [2026-09-07T20:30:49.009Z] <<< [apiv2][body] POST https://upload-firebasehosting.googleapis.com/upload/sites/formacaosetelagoaspolitica/versions/e31fb1071de8528e/files/ca02c08ab1edf8ac6947797d15a1925e6fc997a5fceb790c5d47e85952093bc5 [stream]
[debug] [2026-09-07T20:30:49.236Z] <<< [apiv2][status] POST https://upload-firebasehosting.googleapis.com/upload/sites/formacaosetelagoaspolitica/versions/e31fb1071de8528e/files/5c494d325d8f3ec20423d62ef040675c6fc89726e273cefe0fdf719bf8094daf 200
[debug] [2026-09-07T20:30:49.236Z] <<< [apiv2][body] POST https://upload-firebasehosting.googleapis.com/upload/sites/formacaosetelagoaspolitica/versions/e31fb1071de8528e/files/5c494d325d8f3ec20423d62ef040675c6fc89726e273cefe0fdf719bf8094daf [stream]
[info] i  hosting: uploading new files [115/130] (88%) 
[debug] [2026-09-07T20:30:49.716Z] <<< [apiv2][status] POST https://upload-firebasehosting.googleapis.com/upload/sites/formacaosetelagoaspolitica/versions/e31fb1071de8528e/files/0b127ab26cde2254c2281aff583f6cb21cee75de8aa6b1d19a4e3456975152f7 200
[debug] [2026-09-07T20:30:49.716Z] <<< [apiv2][body] POST https://upload-firebasehosting.googleapis.com/upload/sites/formacaosetelagoaspolitica/versions/e31fb1071de8528e/files/0b127ab26cde2254c2281aff583f6cb21cee75de8aa6b1d19a4e3456975152f7 [stream]
[debug] [2026-09-07T20:30:49.740Z] <<< [apiv2][status] POST https://upload-firebasehosting.googleapis.com/upload/sites/formacaosetelagoaspolitica/versions/e31fb1071de8528e/files/47515226197edea545d4d59004e28a97a508d3dc6cccd0cb4d17a761aaf60846 200
[debug] [2026-09-07T20:30:49.740Z] <<< [apiv2][body] POST https://upload-firebasehosting.googleapis.com/upload/sites/formacaosetelagoaspolitica/versions/e31fb1071de8528e/files/47515226197edea545d4d59004e28a97a508d3dc6cccd0cb4d17a761aaf60846 [stream]
[debug] [2026-09-07T20:30:49.788Z] <<< [apiv2][status] POST https://upload-firebasehosting.googleapis.com/upload/sites/formacaosetelagoaspolitica/versions/e31fb1071de8528e/files/58d6bec745cc48433796fe00dd23ea2844578bd1cfa1bbf4e531c110f055ddfc 200
[debug] [2026-09-07T20:30:49.788Z] <<< [apiv2][body] POST https://upload-firebasehosting.googleapis.com/upload/sites/formacaosetelagoaspolitica/versions/e31fb1071de8528e/files/58d6bec745cc48433796fe00dd23ea2844578bd1cfa1bbf4e531c110f055ddfc [stream]
[debug] [2026-09-07T20:30:49.904Z] <<< [apiv2][status] POST https://upload-firebasehosting.googleapis.com/upload/sites/formacaosetelagoaspolitica/versions/e31fb1071de8528e/files/bf8aef15d36cab04ae57098cfa6e8455ab37b5a9fc324f0477f5459f612e72a9 200
[debug] [2026-09-07T20:30:49.905Z] <<< [apiv2][body] POST https://upload-firebasehosting.googleapis.com/upload/sites/formacaosetelagoaspolitica/versions/e31fb1071de8528e/files/bf8aef15d36cab04ae57098cfa6e8455ab37b5a9fc324f0477f5459f612e72a9 [stream]
[debug] [2026-09-07T20:30:50.163Z] <<< [apiv2][status] POST https://upload-firebasehosting.googleapis.com/upload/sites/formacaosetelagoaspolitica/versions/e31fb1071de8528e/files/6f70abe53b59838dfed2601c345f3621e050233d6e71c7442976cb98c4f9fdda 200
[debug] [2026-09-07T20:30:50.163Z] <<< [apiv2][body] POST https://upload-firebasehosting.googleapis.com/upload/sites/formacaosetelagoaspolitica/versions/e31fb1071de8528e/files/6f70abe53b59838dfed2601c345f3621e050233d6e71c7442976cb98c4f9fdda [stream]
[debug] [2026-09-07T20:30:50.172Z] <<< [apiv2][status] POST https://upload-firebasehosting.googleapis.com/upload/sites/formacaosetelagoaspolitica/versions/e31fb1071de8528e/files/068e94a07598f06fbb93c33e9da13791a99259b847cc4daed12473417fbc5a9d 200
[debug] [2026-09-07T20:30:50.172Z] <<< [apiv2][body] POST https://upload-firebasehosting.googleapis.com/upload/sites/formacaosetelagoaspolitica/versions/e31fb1071de8528e/files/068e94a07598f06fbb93c33e9da13791a99259b847cc4daed12473417fbc5a9d [stream]
[debug] [2026-09-07T20:30:50.597Z] <<< [apiv2][status] POST https://upload-firebasehosting.googleapis.com/upload/sites/formacaosetelagoaspolitica/versions/e31fb1071de8528e/files/6910c96f69604ae85bd9d2aab0f204757bb38e55e9a29502f0bddf49e661ab96 200
[debug] [2026-09-07T20:30:50.597Z] <<< [apiv2][body] POST https://upload-firebasehosting.googleapis.com/upload/sites/formacaosetelagoaspolitica/versions/e31fb1071de8528e/files/6910c96f69604ae85bd9d2aab0f204757bb38e55e9a29502f0bddf49e661ab96 [stream]
[info] i  hosting: uploading new files [122/130] (93%) 
[debug] [2026-09-07T20:30:51.759Z] <<< [apiv2][status] POST https://upload-firebasehosting.googleapis.com/upload/sites/formacaosetelagoaspolitica/versions/e31fb1071de8528e/files/f55346988ad046564704883ee4dbe09511428c88e024dc280e2942161a88d0b8 200
[debug] [2026-09-07T20:30:51.759Z] <<< [apiv2][body] POST https://upload-firebasehosting.googleapis.com/upload/sites/formacaosetelagoaspolitica/versions/e31fb1071de8528e/files/f55346988ad046564704883ee4dbe09511428c88e024dc280e2942161a88d0b8 [stream]
[debug] [2026-09-07T20:30:51.946Z] <<< [apiv2][status] POST https://upload-firebasehosting.googleapis.com/upload/sites/formacaosetelagoaspolitica/versions/e31fb1071de8528e/files/db1abbb00db6fa09d2b915b8b8ec911325c4c9500c743fd86f8a09bc65166905 200
[debug] [2026-09-07T20:30:51.946Z] <<< [apiv2][body] POST https://upload-firebasehosting.googleapis.com/upload/sites/formacaosetelagoaspolitica/versions/e31fb1071de8528e/files/db1abbb00db6fa09d2b915b8b8ec911325c4c9500c743fd86f8a09bc65166905 [stream]
[info] i  hosting: uploading new files [124/130] (95%) 
[info] i  hosting: uploading new files [124/130] (95%) 
[info] i  hosting: uploading new files [124/130] (95%) 
[info] i  hosting: uploading new files [124/130] (95%) 
[info] i  hosting: uploading new files [124/130] (95%) 
[info] i  hosting: uploading new files [124/130] (95%) 
[info] i  hosting: uploading new files [124/130] (95%) 
[info] i  hosting: uploading new files [124/130] (95%) 
[info] i  hosting: uploading new files [124/130] (95%) 
[info] i  hosting: uploading new files [124/130] (95%) 
[info] i  hosting: uploading new files [124/130] (95%) 
[info] i  hosting: uploading new files [124/130] (95%) 
